timestamp,cpu_load_pct,temperature_c,supply_voltage_v,task_exec_time_ms,temp_rate_of_change,cpu_rate_of_change,exec_time_drift,failure_label
2025-12-14 10:00:00,45.99,45.0,3.3,15.0,-0.165,0.533,0.063,0
2025-12-14 10:00:01,44.9,44.21,3.305,15.12,-0.555,-0.291,0.068,0
2025-12-14 10:00:02,48.66,44.17,3.294,15.32,-0.67,-0.864,0.047,0
2025-12-14 10:00:03,44.54,42.23,3.316,15.34,-0.179,-0.025,0.038,0
2025-12-14 10:00:04,41.67,41.65,3.292,15.23,-0.078,0.079,-0.076,0
2025-12-14 10:00:05,45.87,44.11,3.302,15.19,-0.041,0.806,0.144,0
2025-12-14 10:00:06,45.29,43.81,3.294,14.74,0.454,0.807,-0.093,0
2025-12-14 10:00:07,52.69,43.97,3.269,16.04,0.665,1.32,-0.05,0
2025-12-14 10:00:08,48.58,44.49,3.256,14.87,0.101,-0.536,-0.058,0
2025-12-14 10:00:09,48.27,44.97,3.3,14.99,0.257,-0.479,0.078,0
2025-12-14 10:00:10,43.19,44.61,3.323,14.9,0.167,-0.4,-0.004,0
2025-12-14 10:00:11,42.9,45.1,3.322,15.13,0.122,0.599,0.341,0
2025-12-14 10:00:12,50.69,44.8,3.273,16.02,0.045,-0.422,0.074,0
2025-12-14 10:00:13,51.57,45.11,3.267,16.58,0.394,0.784,0.42,0
2025-12-14 10:00:14,46.16,45.2,3.31,15.35,0.32,0.712,0.027,0
2025-12-14 10:00:15,47.11,46.58,3.293,17.0,0.27,-1.454,-0.33,0
2025-12-14 10:00:16,46.46,46.7,3.286,15.26,0.149,0.037,-0.021,0
2025-12-14 10:00:17,43.42,46.15,3.282,14.37,0.413,0.895,0.067,0
2025-12-14 10:00:18,51.76,45.85,3.264,16.47,0.125,0.933,-0.168,0
2025-12-14 10:00:19,50.64,47.26,3.276,15.69,0.077,3.855,0.535,0
2025-12-14 10:00:20,51.77,47.21,3.247,16.16,0.232,0.817,0.107,0
2025-12-14 10:00:21,65.73,47.08,3.207,17.94,0.06,0.483,-0.013,0
2025-12-14 10:00:22,47.5,47.31,3.255,14.9,-0.017,1.349,0.176,0
2025-12-14 10:00:23,54.17,46.15,3.261,16.41,0.199,-0.608,-0.042,0
2025-12-14 10:00:24,57.38,47.17,3.242,16.57,0.44,-3.694,-0.608,0
2025-12-14 10:00:25,48.74,48.2,3.29,15.96,0.239,0.537,0.185,0
2025-12-14 10:00:26,47.26,49.28,3.303,14.9,0.469,-1.154,-0.114,0
2025-12-14 10:00:27,50.19,48.5,3.264,15.83,0.094,-2.241,-0.357,0
2025-12-14 10:00:28,48.4,48.5,3.274,15.83,-0.153,0.011,0.027,0
2025-12-14 10:00:29,46.17,47.64,3.313,14.78,-0.583,0.793,0.233,0
2025-12-14 10:00:30,48.79,47.43,3.288,16.09,-0.153,0.336,0.102,0
2025-12-14 10:00:31,51.23,46.37,3.275,16.06,-0.048,0.926,0.261,0
2025-12-14 10:00:32,51.87,47.74,3.254,16.34,0.265,0.894,0.137,0
2025-12-14 10:00:33,53.03,48.26,3.251,17.14,0.424,-0.627,-0.116,0
2025-12-14 10:00:34,50.64,48.97,3.255,15.47,0.462,0.663,0.161,0
2025-12-14 10:00:35,45.65,49.55,3.294,15.51,0.18,-0.789,-0.207,0
2025-12-14 10:00:36,54.54,48.68,3.243,16.87,0.001,0.71,-0.076,0
2025-12-14 10:00:37,47.93,48.64,3.303,15.31,-0.181,-0.574,0.036,0
2025-12-14 10:00:38,56.58,48.27,3.262,16.76,-0.373,0.413,0.084,0
2025-12-14 10:00:39,47.78,48.06,3.293,15.65,-0.17,-1.578,-0.307,0
2025-12-14 10:00:40,47.72,47.69,3.295,15.93,-0.115,0.128,0.151,0
2025-12-14 10:00:41,46.65,47.83,3.269,15.33,0.126,-1.86,-0.421,0
2025-12-14 10:00:42,48.56,48.06,3.267,16.06,0.163,-0.75,-0.157,0
2025-12-14 10:00:43,47.28,48.9,3.299,14.65,0.328,0.288,0.034,0
2025-12-14 10:00:44,44.03,48.88,3.3,14.87,0.099,0.309,0.046,0
2025-12-14 10:00:45,49.16,49.33,3.292,16.1,0.372,-1.039,-0.193,0
2025-12-14 10:00:46,48.2,48.32,3.258,15.56,-0.04,-1.299,0.099,0
2025-12-14 10:00:47,43.37,49.92,3.269,15.1,-0.186,0.334,0.052,0
2025-12-14 10:00:48,40.79,48.7,3.304,15.15,-0.106,-1.223,-0.277,0
2025-12-14 10:00:49,45.7,47.95,3.295,15.13,-0.041,-0.437,-0.161,0
2025-12-14 10:00:50,43.05,48.8,3.313,14.71,-0.116,4.057,0.42,0
2025-12-14 10:00:51,46.01,48.12,3.302,14.76,0.11,0.454,0.007,0
2025-12-14 10:00:52,63.66,49.34,3.23,17.2,0.576,0.371,-0.101,0
2025-12-14 10:00:53,43.06,49.25,3.275,15.18,0.263,-0.209,-0.035,0
2025-12-14 10:00:54,47.56,50.83,3.294,14.62,0.25,-1.13,0.073,0
2025-12-14 10:00:55,42.0,50.12,3.33,14.54,-0.131,-5.015,-0.626,0
2025-12-14 10:00:56,40.36,49.37,3.291,15.12,-0.262,1.315,0.123,0
2025-12-14 10:00:57,38.58,48.69,3.311,14.07,-0.472,1.764,0.575,0
2025-12-14 10:00:58,49.64,47.94,3.283,15.79,-0.324,-0.731,-0.064,0
2025-12-14 10:00:59,56.38,48.47,3.257,17.5,-0.201,0.225,-0.15,0
2025-12-14 10:01:00,38.35,48.5,3.321,14.22,-0.248,0.304,0.135,0
2025-12-14 10:01:01,41.49,48.36,3.298,14.37,0.019,-0.784,-0.22,0
2025-12-14 10:01:02,40.1,47.44,3.309,14.74,-0.459,-3.382,-0.733,0
2025-12-14 10:01:03,45.71,48.03,3.301,14.69,-0.505,1.219,0.221,0
2025-12-14 10:01:04,39.47,46.18,3.301,13.84,-0.49,0.346,0.02,0
2025-12-14 10:01:05,44.44,45.98,3.317,15.33,-0.264,0.674,0.016,0
2025-12-14 10:01:06,43.22,45.92,3.319,14.47,-0.695,-0.69,0.1,0
2025-12-14 10:01:07,43.47,46.12,3.302,14.82,-0.281,-0.541,-0.015,0
2025-12-14 10:01:08,42.26,44.56,3.304,15.19,-0.628,-1.378,-0.32,0
2025-12-14 10:01:09,36.76,44.77,3.342,13.76,-0.521,-0.13,-0.049,0
2025-12-14 10:01:10,37.55,42.84,3.356,13.73,-0.628,-0.529,-0.033,0
2025-12-14 10:01:11,42.57,43.31,3.301,14.22,-0.518,0.079,-0.18,0
2025-12-14 10:01:12,40.82,42.98,3.32,14.65,-0.876,0.522,0.049,0
2025-12-14 10:01:13,42.66,41.97,3.288,14.29,-0.396,0.487,0.156,0
2025-12-14 10:01:14,39.37,40.39,3.346,14.0,-0.64,0.408,0.109,0
2025-12-14 10:01:15,39.99,40.86,3.308,14.51,-0.478,0.119,-0.028,0
2025-12-14 10:01:16,44.61,40.11,3.289,14.77,0.107,-0.978,-0.118,0
2025-12-14 10:01:17,41.41,40.6,3.315,14.51,0.629,1.273,0.44,0
2025-12-14 10:01:18,37.77,42.5,3.335,13.7,0.48,-0.433,-0.014,0
2025-12-14 10:01:19,45.74,43.53,3.3,16.21,0.629,-1.937,-0.161,0
2025-12-14 10:01:20,37.82,43.26,3.308,14.44,0.635,-0.533,-0.02,0
2025-12-14 10:01:21,34.92,43.26,3.368,13.96,0.433,0.49,-0.055,0
2025-12-14 10:01:22,38.75,43.77,3.347,14.41,0.294,-0.179,-0.491,0
2025-12-14 10:01:23,40.22,44.66,3.312,13.43,0.301,0.086,-0.135,0
2025-12-14 10:01:24,44.84,45.0,3.305,13.75,0.085,1.619,0.254,0
2025-12-14 10:01:25,38.25,44.76,3.328,13.76,0.086,1.447,0.302,0
2025-12-14 10:01:26,43.02,43.68,3.316,15.23,-0.065,0.341,0.325,0
2025-12-14 10:01:27,45.98,44.2,3.285,15.92,-0.027,-0.506,0.073,0
2025-12-14 10:01:28,41.92,44.34,3.33,15.05,-0.242,1.174,0.31,0
2025-12-14 10:01:29,42.31,44.87,3.331,14.11,0.225,-0.221,0.024,0
2025-12-14 10:01:30,44.12,43.55,3.325,15.31,0.075,-1.506,-0.409,0
2025-12-14 10:01:31,41.91,44.81,3.313,15.35,-0.33,-0.809,-0.355,0
2025-12-14 10:01:32,38.45,44.57,3.338,13.88,-0.554,0.571,0.257,0
2025-12-14 10:01:33,37.88,42.69,3.327,13.28,-0.406,-0.307,-0.188,0
2025-12-14 10:01:34,45.17,42.1,3.307,15.4,-0.849,-0.106,-0.173,0
2025-12-14 10:01:35,42.58,41.52,3.317,14.37,-0.903,-0.247,-0.02,0
2025-12-14 10:01:36,41.38,40.56,3.312,14.49,-0.558,1.167,0.251,0
2025-12-14 10:01:37,37.21,40.06,3.334,13.78,-0.623,-0.833,-0.035,0
2025-12-14 10:01:38,43.71,39.9,3.314,14.53,-0.262,0.334,0.106,0
2025-12-14 10:01:39,41.0,38.99,3.336,15.22,0.038,1.368,0.039,0
2025-12-14 10:01:40,44.25,40.21,3.288,14.9,0.208,1.804,0.176,0
2025-12-14 10:01:41,48.22,40.75,3.273,14.68,0.582,0.053,0.062,0
2025-12-14 10:01:42,46.24,41.1,3.294,14.65,1.256,1.936,0.082,0
2025-12-14 10:01:43,43.97,42.81,3.317,14.84,0.95,1.408,0.301,0
2025-12-14 10:01:44,50.68,45.27,3.292,15.63,0.943,0.87,0.255,0
2025-12-14 10:01:45,51.29,44.96,3.254,16.41,0.795,0.035,0.052,0
2025-12-14 10:01:46,52.57,45.47,3.271,15.95,0.07,0.169,0.065,0
2025-12-14 10:01:47,46.41,45.08,3.287,14.92,-0.44,-0.652,-0.004,0
2025-12-14 10:01:48,44.82,43.16,3.311,15.17,-0.001,-1.257,-0.188,0
2025-12-14 10:01:49,47.42,43.07,3.302,15.61,-0.195,-1.333,-0.327,0
2025-12-14 10:01:50,45.01,44.96,3.324,15.47,-0.298,0.431,0.01,0
2025-12-14 10:01:51,45.9,44.49,3.269,14.32,0.069,0.926,0.014,0
2025-12-14 10:01:52,48.57,43.59,3.298,14.97,0.062,0.055,0.069,0
2025-12-14 10:01:53,49.45,43.5,3.283,15.24,-0.602,1.271,0.155,0
2025-12-14 10:01:54,47.7,43.38,3.301,15.96,-0.377,0.542,0.293,0
2025-12-14 10:01:55,51.36,41.95,3.263,16.24,0.007,1.111,0.232,0
2025-12-14 10:01:56,48.61,42.61,3.287,15.79,0.186,-0.244,-0.171,0
2025-12-14 10:01:57,54.12,43.63,3.257,16.12,0.49,0.606,-0.223,0
2025-12-14 10:01:58,48.23,44.43,3.303,14.38,0.968,-0.926,-0.355,0
2025-12-14 10:01:59,50.73,45.83,3.269,14.84,1.009,0.256,0.013,0
2025-12-14 10:02:00,46.73,46.79,3.277,14.47,0.881,-0.38,-0.096,0
2025-12-14 10:02:01,49.89,47.65,3.242,15.85,0.83,0.107,0.255,0
2025-12-14 10:02:02,52.22,48.03,3.274,15.65,0.397,0.001,0.355,0
2025-12-14 10:02:03,48.76,48.58,3.312,15.65,0.408,0.895,0.265,0
2025-12-14 10:02:04,50.73,47.81,3.259,16.62,0.146,-0.567,-0.012,0
2025-12-14 10:02:05,51.21,48.83,3.26,15.8,0.181,0.131,0.03,0
2025-12-14 10:02:06,47.05,48.38,3.277,15.79,0.066,-0.516,-0.185,0
2025-12-14 10:02:07,52.88,48.94,3.289,15.8,0.201,-1.573,-0.142,0
2025-12-14 10:02:08,46.18,48.92,3.3,14.73,0.225,3.532,0.605,0
2025-12-14 10:02:09,42.87,48.82,3.284,15.9,0.349,0.653,-0.133,0
2025-12-14 10:02:10,68.86,49.95,3.206,18.82,0.12,0.461,0.152,0
2025-12-14 10:02:11,50.32,50.12,3.251,15.13,0.055,1.297,0.391,0
2025-12-14 10:02:12,55.18,49.54,3.248,16.56,0.327,3.588,0.271,0
2025-12-14 10:02:13,52.66,49.19,3.259,16.69,0.038,-3.587,-0.612,0
2025-12-14 10:02:14,60.81,50.45,3.191,17.26,-0.066,-1.195,0.035,0
2025-12-14 10:02:15,50.93,50.14,3.291,15.76,0.321,-1.402,-0.243,0
2025-12-14 10:02:16,44.34,49.79,3.273,15.3,0.314,-1.512,-0.402,0
2025-12-14 10:02:17,48.17,51.14,3.292,15.34,0.057,-2.435,-0.4,0
2025-12-14 10:02:18,45.1,50.76,3.29,14.68,0.471,-0.926,0.026,0
2025-12-14 10:02:19,48.63,50.74,3.272,15.26,0.586,-0.928,-0.254,0
2025-12-14 10:02:20,46.3,52.5,3.263,15.89,0.201,-0.376,0.054,0
2025-12-14 10:02:21,39.7,52.72,3.275,14.03,0.314,-0.391,0.081,0
2025-12-14 10:02:22,46.29,52.15,3.288,15.61,0.233,1.172,0.111,0
2025-12-14 10:02:23,43.15,52.33,3.312,15.08,-0.043,0.477,-0.044,0
2025-12-14 10:02:24,54.49,51.9,3.256,15.81,-0.337,1.46,0.313,0
2025-12-14 10:02:25,48.68,52.28,3.257,15.67,-0.137,1.914,0.296,0
2025-12-14 10:02:26,47.0,51.04,3.289,15.6,-0.454,0.385,0.117,0
2025-12-14 10:02:27,55.86,51.47,3.225,17.09,-0.686,-2.888,-0.519,0
2025-12-14 10:02:28,45.07,50.06,3.277,15.67,-0.591,0.281,-0.015,0
2025-12-14 10:02:29,40.05,48.47,3.339,13.22,0.123,2.882,0.311,0
2025-12-14 10:02:30,50.09,49.33,3.271,15.6,-0.066,-2.549,-0.529,0
2025-12-14 10:02:31,61.41,51.65,3.231,17.15,0.332,3.16,0.383,0
2025-12-14 10:02:32,43.12,51.14,3.3,14.45,0.421,-0.281,0.328,0
2025-12-14 10:02:33,60.87,51.72,3.208,17.58,-0.082,-0.385,-0.087,0
2025-12-14 10:02:34,38.65,50.58,3.322,14.86,-0.664,-3.635,-0.626,0
2025-12-14 10:02:35,48.17,48.92,3.26,15.16,-0.746,0.299,0.001,0
2025-12-14 10:02:36,43.24,48.33,3.303,14.02,-0.54,-3.024,-0.485,0
2025-12-14 10:02:37,44.61,47.41,3.276,14.45,-0.471,0.842,0.22,0
2025-12-14 10:02:38,45.75,49.02,3.284,15.16,-0.26,-1.279,-0.111,0
2025-12-14 10:02:39,42.86,48.22,3.304,15.96,-0.309,-0.486,0.141,0
2025-12-14 10:02:40,41.77,47.62,3.311,14.61,-0.359,-0.945,-0.22,0
2025-12-14 10:02:41,40.81,46.79,3.34,14.73,-0.685,-0.193,-0.021,0
2025-12-14 10:02:42,39.89,45.61,3.333,13.35,-0.466,-1.143,-0.299,0
2025-12-14 10:02:43,44.79,45.59,3.309,15.06,-0.359,0.474,0.096,0
2025-12-14 10:02:44,37.14,45.9,3.339,14.46,-0.093,0.119,-0.008,0
2025-12-14 10:02:45,44.14,45.82,3.277,15.09,0.083,0.018,0.182,0
2025-12-14 10:02:46,41.4,46.33,3.314,14.68,-0.18,-0.844,-0.249,0
2025-12-14 10:02:47,39.98,46.03,3.328,14.26,-0.254,1.409,0.227,0
2025-12-14 10:02:48,40.57,44.69,3.325,13.81,-0.118,-0.661,-0.277,0
2025-12-14 10:02:49,44.18,44.63,3.297,15.6,0.073,3.843,0.654,0
2025-12-14 10:02:50,40.83,45.23,3.32,13.7,0.422,-0.388,-0.106,0
2025-12-14 10:02:51,60.61,46.69,3.235,17.95,0.513,0.767,0.189,0
2025-12-14 10:02:52,38.04,48.14,3.316,13.73,0.274,-1.318,-0.346,0
2025-12-14 10:02:53,44.4,47.26,3.31,14.76,-0.06,-0.026,0.114,0
2025-12-14 10:02:54,37.6,45.99,3.316,13.87,-0.414,-4.616,-0.927,0
2025-12-14 10:02:55,40.7,44.93,3.327,14.27,-0.53,0.63,-0.018,0
2025-12-14 10:02:56,37.53,44.62,3.34,13.32,-0.49,-0.818,-0.156,0
2025-12-14 10:02:57,41.19,45.48,3.339,13.64,-0.288,1.226,0.267,0
2025-12-14 10:02:58,40.31,44.81,3.31,13.98,-0.154,0.538,0.117,0
2025-12-14 10:02:59,43.72,44.56,3.287,15.21,-0.285,-0.346,0.024,0
2025-12-14 10:03:00,43.39,44.17,3.316,14.86,-0.393,0.208,0.254,0
2025-12-14 10:03:01,35.8,43.19,3.339,13.44,-0.477,1.268,0.342,0
2025-12-14 10:03:02,42.23,43.52,3.316,14.91,-0.521,-1.16,-0.255,0
2025-12-14 10:03:03,46.65,42.42,3.275,15.69,-0.186,0.226,0.146,0
2025-12-14 10:03:04,37.93,41.95,3.332,13.93,0.076,0.39,0.154,0
2025-12-14 10:03:05,44.52,43.23,3.307,15.59,0.115,0.491,0.058,0
2025-12-14 10:03:06,37.75,43.57,3.324,14.21,0.581,-0.5,-0.18,0
2025-12-14 10:03:07,44.68,44.09,3.312,15.2,0.551,0.865,0.173,0
2025-12-14 10:03:08,44.15,45.33,3.312,14.79,0.332,-0.252,-0.306,0
2025-12-14 10:03:09,42.25,44.71,3.318,14.8,0.52,1.362,0.172,0
2025-12-14 10:03:10,43.26,44.89,3.308,14.06,0.365,-0.659,-0.088,0
2025-12-14 10:03:11,44.56,46.17,3.303,15.07,0.135,-0.144,-0.023,0
2025-12-14 10:03:12,41.39,45.92,3.317,14.76,0.252,-0.062,0.068,0
2025-12-14 10:03:13,43.43,46.0,3.31,14.67,0.216,-0.875,-0.008,0
2025-12-14 10:03:14,41.95,45.97,3.3,15.14,-0.2,-1.382,-0.379,0
2025-12-14 10:03:15,38.89,45.97,3.315,14.02,-0.105,-0.784,-0.066,0
2025-12-14 10:03:16,37.65,45.17,3.357,13.17,0.029,0.975,0.35,0
2025-12-14 10:03:17,37.47,45.39,3.344,14.43,0.144,-0.094,-0.205,0
2025-12-14 10:03:18,48.3,46.14,3.283,16.42,-0.085,0.821,0.128,0
2025-12-14 10:03:19,41.48,46.69,3.308,14.12,0.166,2.203,0.546,0
2025-12-14 10:03:20,42.99,45.55,3.329,14.66,0.256,2.066,0.217,0
2025-12-14 10:03:21,48.67,46.0,3.28,15.9,-0.035,-0.048,-0.154,0
2025-12-14 10:03:22,47.79,46.67,3.305,15.52,-0.157,0.499,0.159,0
2025-12-14 10:03:23,48.06,45.97,3.285,15.65,-0.03,0.302,0.026,0
2025-12-14 10:03:24,43.97,45.9,3.281,14.91,-0.162,-0.38,-0.286,0
2025-12-14 10:03:25,44.5,45.4,3.316,14.79,-0.176,0.323,0.026,0
2025-12-14 10:03:26,46.76,45.19,3.256,14.47,-0.021,-0.474,0.042,0
2025-12-14 10:03:27,49.41,45.79,3.288,15.65,-0.09,1.268,0.15,0
2025-12-14 10:03:28,45.7,45.86,3.278,15.86,-0.109,0.636,0.303,0
2025-12-14 10:03:29,50.31,45.46,3.278,15.66,-0.074,0.669,0.286,0
2025-12-14 10:03:30,47.68,44.85,3.285,16.3,-0.152,-0.677,-0.029,0
2025-12-14 10:03:31,50.11,44.82,3.273,15.9,-0.19,0.826,-0.015,0
2025-12-14 10:03:32,46.03,45.04,3.286,15.5,0.311,0.278,0.242,0
2025-12-14 10:03:33,49.83,44.91,3.297,15.78,0.301,0.392,-0.059,0
2025-12-14 10:03:34,51.7,47.01,3.259,16.87,0.658,0.5,0.051,0
2025-12-14 10:03:35,49.64,46.36,3.271,16.01,0.553,0.743,0.151,0
2025-12-14 10:03:36,52.61,48.11,3.27,16.16,0.518,-0.127,-0.153,0
2025-12-14 10:03:37,49.74,47.8,3.279,16.26,-0.17,-1.289,-0.378,0
2025-12-14 10:03:38,49.19,47.5,3.302,15.02,0.037,1.092,0.167,0
2025-12-14 10:03:39,45.26,46.16,3.327,14.99,-0.233,-1.499,-0.091,0
2025-12-14 10:03:40,55.1,46.54,3.27,16.84,-0.029,0.5,-0.089,0
2025-12-14 10:03:41,45.11,46.95,3.277,15.71,0.09,-0.249,-0.08,0
2025-12-14 10:03:42,52.24,47.65,3.27,15.81,0.502,0.917,0.263,0
2025-12-14 10:03:43,47.95,47.95,3.278,14.62,0.444,-2.063,-0.294,0
2025-12-14 10:03:44,49.84,48.67,3.231,16.3,0.26,0.228,-0.108,0
2025-12-14 10:03:45,44.78,48.76,3.292,15.37,-0.184,-0.17,0.004,0
2025-12-14 10:03:46,46.25,48.25,3.294,15.16,0.077,1.133,0.3,0
2025-12-14 10:03:47,51.39,46.73,3.275,15.83,0.072,-0.209,-0.025,0
2025-12-14 10:03:48,53.61,48.33,3.272,16.12,0.218,0.941,0.035,0
2025-12-14 10:03:49,48.8,49.03,3.295,16.18,0.312,0.561,0.076,0
2025-12-14 10:03:50,49.49,49.86,3.276,15.54,0.584,-0.994,-0.032,0
2025-12-14 10:03:51,49.06,49.81,3.264,15.54,-0.071,-0.638,-0.148,0
2025-12-14 10:03:52,46.42,49.66,3.255,15.67,-0.197,2.943,0.348,0
2025-12-14 10:03:53,50.42,47.97,3.316,15.38,-0.401,-0.479,0.041,0
2025-12-14 10:03:54,63.51,48.04,3.23,17.91,-0.368,0.256,0.148,0
2025-12-14 10:03:55,47.09,47.85,3.289,15.75,-0.143,0.63,0.067,0
2025-12-14 10:03:56,50.34,47.97,3.303,16.28,0.027,-1.085,0.025,0
2025-12-14 10:03:57,49.57,48.94,3.292,16.0,0.265,-3.216,-0.535,0
2025-12-14 10:03:58,44.99,48.11,3.298,15.5,0.48,0.748,0.097,0
2025-12-14 10:03:59,47.43,49.37,3.288,15.24,0.414,-0.151,-0.136,0
2025-12-14 10:04:00,50.83,50.25,3.275,16.24,-0.021,-0.422,-0.216,0
2025-12-14 10:04:01,49.59,50.04,3.273,15.6,0.07,1.359,0.267,0
2025-12-14 10:04:02,47.46,48.83,3.258,14.93,-0.529,0.488,0.104,0
2025-12-14 10:04:03,51.79,48.46,3.246,16.84,-0.886,-0.182,0.003,0
2025-12-14 10:04:04,49.87,46.72,3.267,15.76,-0.642,0.795,0.111,0
2025-12-14 10:04:05,49.92,45.82,3.254,16.25,-0.51,-0.068,-0.091,0
2025-12-14 10:04:06,53.56,46.83,3.271,16.16,-0.276,-1.291,-0.549,0
2025-12-14 10:04:07,47.11,46.28,3.285,14.47,-0.086,-0.673,-0.205,0
2025-12-14 10:04:08,45.33,47.07,3.285,14.09,-0.068,-1.119,-0.086,0
2025-12-14 10:04:09,46.5,46.29,3.306,14.73,-0.51,-1.642,-0.223,0
2025-12-14 10:04:10,44.33,45.48,3.31,15.82,-0.452,-0.216,0.184,0
2025-12-14 10:04:11,45.35,44.28,3.305,15.04,-0.572,-0.17,0.095,0
2025-12-14 10:04:12,46.03,44.03,3.297,15.39,-0.232,-0.947,-0.071,0
2025-12-14 10:04:13,44.48,44.22,3.303,14.57,-0.159,0.277,-0.173,0
2025-12-14 10:04:14,41.77,45.13,3.308,14.38,0.162,0.31,0.271,0
2025-12-14 10:04:15,45.71,44.68,3.311,14.96,0.273,-1.375,-0.272,0
2025-12-14 10:04:16,46.9,45.09,3.28,16.4,0.542,2.828,0.439,0
2025-12-14 10:04:17,39.16,45.39,3.329,14.03,0.329,-0.711,-0.038,0
2025-12-14 10:04:18,58.62,46.93,3.275,16.76,0.625,-1.193,-0.093,0
2025-12-14 10:04:19,38.21,46.78,3.324,14.19,0.359,-0.041,-0.287,0
2025-12-14 10:04:20,39.74,47.81,3.307,14.5,0.284,0.365,0.106,0
2025-12-14 10:04:21,46.7,46.88,3.279,14.96,-0.232,-2.953,-0.318,0
2025-12-14 10:04:22,40.98,46.81,3.289,14.56,-0.287,1.755,0.278,0
2025-12-14 10:04:23,43.86,45.77,3.285,15.18,-0.676,0.288,-0.105,0
2025-12-14 10:04:24,46.99,45.34,3.291,15.58,-0.622,-1.135,-0.002,0
2025-12-14 10:04:25,41.18,44.42,3.325,13.97,-0.68,0.292,0.018,0
2025-12-14 10:04:26,41.02,43.78,3.334,14.95,-0.077,-0.208,-0.081,0
2025-12-14 10:04:27,42.45,43.41,3.289,14.65,0.045,-1.513,-0.39,0
2025-12-14 10:04:28,42.82,45.38,3.314,14.77,-0.13,-0.721,-0.127,0
2025-12-14 10:04:29,39.42,45.57,3.33,13.63,0.059,-1.465,-0.304,0
2025-12-14 10:04:30,37.58,43.77,3.337,13.33,0.128,-0.472,0.014,0
2025-12-14 10:04:31,33.7,44.07,3.346,13.43,-0.199,-0.729,-0.179,0
2025-12-14 10:04:32,40.08,44.06,3.318,14.72,-0.179,-0.025,0.106,0
2025-12-14 10:04:33,39.17,44.39,3.332,13.87,0.117,0.479,0.429,0
2025-12-14 10:04:34,39.3,44.67,3.309,14.16,0.029,1.082,0.031,0
2025-12-14 10:04:35,39.97,44.36,3.323,15.48,0.085,-0.192,-0.301,0
2025-12-14 10:04:36,39.11,44.21,3.304,13.58,-0.173,-0.204,-0.101,0
2025-12-14 10:04:37,39.12,44.48,3.324,13.22,-0.373,0.531,0.008,0
2025-12-14 10:04:38,38.15,43.52,3.325,13.37,-0.282,0.017,-0.305,0
2025-12-14 10:04:39,41.96,42.81,3.318,14.2,-0.256,0.067,-0.037,0
2025-12-14 10:04:40,40.06,42.95,3.315,13.95,-0.683,0.818,0.166,0
2025-12-14 10:04:41,39.44,42.94,3.311,13.4,-0.267,0.359,0.263,0
2025-12-14 10:04:42,43.21,41.06,3.321,14.05,0.003,3.054,0.613,0
2025-12-14 10:04:43,39.94,42.18,3.315,14.68,-0.273,-0.298,0.015,0
2025-12-14 10:04:44,57.23,42.82,3.251,17.27,-0.532,0.688,0.137,0
2025-12-14 10:04:45,38.57,41.58,3.328,14.03,-0.129,-0.396,-0.06,0
2025-12-14 10:04:46,42.89,40.28,3.339,14.09,-0.298,-0.642,-0.07,0
2025-12-14 10:04:47,41.23,40.42,3.341,13.75,-0.295,-3.755,-0.434,0
2025-12-14 10:04:48,36.74,40.69,3.336,14.33,0.026,0.336,-0.012,0
2025-12-14 10:04:49,38.45,41.34,3.319,15.1,0.411,-0.012,0.319,0
2025-12-14 10:04:50,40.24,41.71,3.331,13.97,0.462,0.353,0.11,0
2025-12-14 10:04:51,42.83,42.33,3.299,15.68,0.673,2.006,0.082,0
2025-12-14 10:04:52,43.0,42.73,3.301,14.3,0.621,1.264,-0.104,0
2025-12-14 10:04:53,46.77,44.06,3.283,14.74,0.794,3.334,0.439,0
2025-12-14 10:04:54,44.77,44.45,3.29,14.57,0.864,-0.115,-0.173,0
2025-12-14 10:04:55,56.92,45.68,3.271,16.16,1.066,1.511,0.382,0
2025-12-14 10:04:56,42.25,46.65,3.316,14.82,0.724,-0.123,-0.018,0
2025-12-14 10:04:57,50.56,48.06,3.299,16.21,0.652,-1.196,-0.15,0
2025-12-14 10:04:58,46.15,47.68,3.277,14.65,0.42,-2.582,-0.176,0
2025-12-14 10:04:59,38.79,47.71,3.322,13.83,0.322,0.263,0.115,0
2025-12-14 10:05:00,44.01,47.79,3.311,15.28,0.116,-1.07,-0.217,0
2025-12-14 10:05:01,43.56,48.26,3.287,15.39,0.108,-0.821,0.063,0
2025-12-14 10:05:02,45.21,48.64,3.31,15.12,0.298,1.838,0.355,0
2025-12-14 10:05:03,42.05,48.22,3.304,14.96,-0.002,1.529,0.324,0
2025-12-14 10:05:04,47.98,49.2,3.28,15.6,0.123,1.029,0.019,0
2025-12-14 10:05:05,51.65,47.78,3.269,16.9,0.082,2.143,0.245,0
2025-12-14 10:05:06,48.71,48.87,3.288,15.49,0.278,1.426,0.081,0
2025-12-14 10:05:07,55.92,49.05,3.235,16.35,-0.0,-0.726,-0.218,0
2025-12-14 10:05:08,49.17,49.61,3.296,15.37,0.054,-0.354,-0.28,0
2025-12-14 10:05:09,44.35,49.2,3.294,14.51,0.09,-0.597,-0.053,0
2025-12-14 10:05:10,49.88,48.05,3.258,15.51,0.336,-0.94,0.034,0
2025-12-14 10:05:11,45.73,49.32,3.282,15.22,0.083,-0.45,-0.072,0
2025-12-14 10:05:12,51.22,50.73,3.252,16.52,0.447,1.012,0.393,0
2025-12-14 10:05:13,46.93,50.03,3.321,15.01,0.788,0.406,0.025,0
2025-12-14 10:05:14,49.41,51.43,3.298,16.48,0.662,0.697,0.177,0
2025-12-14 10:05:15,51.91,51.99,3.25,15.63,0.16,0.041,-0.182,0
2025-12-14 10:05:16,49.21,52.63,3.258,16.11,0.282,-0.6,-0.015,0
2025-12-14 10:05:17,51.43,51.53,3.258,15.61,0.177,0.395,-0.127,0
2025-12-14 10:05:18,43.92,51.43,3.271,14.93,0.179,-1.007,-0.195,0
2025-12-14 10:05:19,51.38,52.32,3.269,15.84,0.026,0.335,-0.012,0
2025-12-14 10:05:20,46.88,52.88,3.248,14.65,0.352,-0.392,-0.024,0
2025-12-14 10:05:21,50.89,52.76,3.234,16.04,0.133,1.448,0.196,0
2025-12-14 10:05:22,49.47,53.29,3.263,15.49,0.111,0.786,0.176,0
2025-12-14 10:05:23,51.17,52.1,3.218,15.91,0.031,-0.034,0.11,0
2025-12-14 10:05:24,55.31,52.87,3.255,16.72,0.048,-0.302,-0.162,0
2025-12-14 10:05:25,46.71,53.04,3.296,15.21,0.095,-0.455,-0.034,0
2025-12-14 10:05:26,49.38,53.0,3.263,15.24,0.255,-0.699,-0.278,0
2025-12-14 10:05:27,47.19,53.76,3.27,15.32,0.014,-1.709,-0.448,0
2025-12-14 10:05:28,47.67,53.37,3.256,14.52,-0.272,0.292,-0.079,0
2025-12-14 10:05:29,46.76,52.94,3.285,14.48,-0.488,1.503,0.236,0
2025-12-14 10:05:30,48.17,51.68,3.282,14.81,-0.526,-0.02,-0.03,0
2025-12-14 10:05:31,56.89,50.56,3.259,16.42,-0.611,0.434,0.134,0
2025-12-14 10:05:32,47.09,51.13,3.319,15.17,-0.709,-1.261,0.144,0
2025-12-14 10:05:33,49.84,50.32,3.271,15.19,-0.493,-0.445,0.048,0
2025-12-14 10:05:34,40.46,49.4,3.34,15.2,-0.337,-0.783,-0.115,0
2025-12-14 10:05:35,45.94,49.21,3.277,15.05,-0.453,0.004,0.062,0
2025-12-14 10:05:36,52.98,48.87,3.269,15.84,-0.364,-0.435,0.074,0
2025-12-14 10:05:37,47.11,48.86,3.308,15.48,-0.044,1.527,0.034,0
2025-12-14 10:05:38,47.67,48.5,3.29,15.56,0.241,2.315,0.497,0
2025-12-14 10:05:39,48.09,49.18,3.278,15.37,0.269,-1.4,-0.047,0
2025-12-14 10:05:40,57.52,50.41,3.247,17.53,0.401,-0.342,-0.007,0
2025-12-14 10:05:41,45.97,50.22,3.264,15.61,0.494,-0.222,-0.129,0
2025-12-14 10:05:42,45.4,50.87,3.295,15.44,0.289,0.368,0.019,0
2025-12-14 10:05:43,46.55,50.97,3.269,14.91,-0.181,-2.504,-0.3,0
2025-12-14 10:05:44,49.93,50.62,3.276,15.47,-0.184,-0.587,-0.128,0
2025-12-14 10:05:45,45.0,49.51,3.297,16.03,-0.524,0.11,-0.079,0
2025-12-14 10:05:46,43.04,49.3,3.303,14.97,-0.534,0.406,0.305,0
2025-12-14 10:05:47,45.95,48.25,3.296,15.05,-0.457,-0.789,-0.03,0
2025-12-14 10:05:48,48.58,48.3,3.275,16.43,0.012,-0.177,-0.263,0
2025-12-14 10:05:49,45.99,48.34,3.284,15.32,-0.402,-0.844,-0.049,0
2025-12-14 10:05:50,44.11,49.57,3.3,14.72,-0.129,-0.33,-0.087,0
2025-12-14 10:05:51,38.82,47.29,3.311,14.72,0.076,-1.151,-0.23,0
2025-12-14 10:05:52,44.3,47.61,3.285,14.61,0.046,0.467,0.04,0
2025-12-14 10:05:53,42.83,48.68,3.296,15.28,-0.439,-0.05,-0.024,0
2025-12-14 10:05:54,48.32,48.56,3.298,15.52,-0.078,0.989,-0.032,0
2025-12-14 10:05:55,43.86,47.38,3.318,14.6,-0.129,0.18,-0.017,0
2025-12-14 10:05:56,43.76,46.9,3.309,14.56,-0.236,-0.455,-0.118,0
2025-12-14 10:05:57,45.2,46.96,3.324,14.53,-0.175,-0.799,-0.056,0
2025-12-14 10:05:58,40.56,47.5,3.293,14.7,-0.206,0.78,0.178,0
2025-12-14 10:05:59,44.32,47.69,3.294,15.23,-0.197,0.27,0.125,0
2025-12-14 10:06:00,47.76,46.35,3.252,15.48,-0.303,-0.611,0.028,0
2025-12-14 10:06:01,45.11,45.92,3.296,15.18,-0.575,0.35,-0.074,0
2025-12-14 10:06:02,42.15,45.45,3.322,14.67,-0.548,-0.15,-0.181,0
2025-12-14 10:06:03,42.31,44.62,3.327,14.33,-0.301,-1.306,-0.13,0
2025-12-14 10:06:04,43.57,44.95,3.296,14.33,-0.116,-1.837,-0.266,0
2025-12-14 10:06:05,41.23,44.84,3.311,14.83,-0.042,0.233,0.022,0
2025-12-14 10:06:06,35.93,45.33,3.323,13.85,0.184,0.331,0.13,0
2025-12-14 10:06:07,43.32,45.23,3.304,14.78,0.132,-0.259,-0.218,0
2025-12-14 10:06:08,43.96,45.54,3.321,14.98,0.371,0.21,0.04,0
2025-12-14 10:06:09,42.28,45.61,3.325,13.24,0.48,0.984,0.269,0
2025-12-14 10:06:10,42.28,46.7,3.302,15.03,0.294,-0.2,-0.063,0
2025-12-14 10:06:11,40.85,47.73,3.331,15.2,0.123,-2.226,-0.356,0
2025-12-14 10:06:12,42.31,46.7,3.308,14.47,0.095,0.564,0.311,0
2025-12-14 10:06:13,32.83,46.15,3.355,13.2,-0.306,-1.78,-0.496,0
2025-12-14 10:06:14,45.1,46.08,3.295,14.79,-0.694,-0.217,-0.217,0
2025-12-14 10:06:15,33.38,45.17,3.336,12.55,-0.209,1.987,0.372,0
2025-12-14 10:06:16,39.76,44.27,3.311,14.11,-0.083,3.09,0.48,0
2025-12-14 10:06:17,52.25,45.66,3.261,16.33,-0.117,-1.439,-0.174,0
2025-12-14 10:06:18,48.28,45.74,3.295,15.6,-0.051,2.019,0.263,0
2025-12-14 10:06:19,37.9,45.5,3.295,13.93,0.179,-0.832,-0.012,0
2025-12-14 10:06:20,43.47,44.91,3.283,13.87,-0.223,-2.68,-0.289,0
2025-12-14 10:06:21,35.6,45.16,3.36,14.05,-0.363,-0.994,-0.259,0
2025-12-14 10:06:22,38.85,44.54,3.327,14.88,-0.351,0.391,0.038,0
2025-12-14 10:06:23,43.31,43.93,3.274,14.3,-0.06,-0.894,0.164,0
2025-12-14 10:06:24,39.86,43.74,3.322,14.12,0.024,3.342,0.447,0
2025-12-14 10:06:25,39.0,44.62,3.341,14.69,-0.039,0.883,-0.032,0
2025-12-14 10:06:26,52.31,45.28,3.282,16.29,0.502,-0.471,-0.178,0
2025-12-14 10:06:27,43.26,44.35,3.309,14.72,0.681,0.831,0.082,0
2025-12-14 10:06:28,40.95,46.44,3.306,13.41,0.364,1.676,0.107,0
2025-12-14 10:06:29,44.01,47.14,3.306,14.53,0.291,-1.137,-0.222,0
2025-12-14 10:06:30,47.39,46.44,3.271,15.23,0.175,0.352,0.215,0
2025-12-14 10:06:31,46.62,46.73,3.294,15.18,-0.398,0.851,0.213,0
2025-12-14 10:06:32,45.02,45.23,3.317,15.8,-0.691,-0.299,0.025,0
2025-12-14 10:06:33,45.21,44.44,3.293,14.48,-0.62,-0.883,-0.274,0
2025-12-14 10:06:34,42.51,43.69,3.303,14.65,-0.931,-1.056,0.044,0
2025-12-14 10:06:35,42.97,43.34,3.305,13.85,-0.663,-0.469,-0.174,0
2025-12-14 10:06:36,41.34,42.08,3.334,15.4,-0.619,-0.163,-0.094,0
2025-12-14 10:06:37,42.68,41.91,3.309,14.92,-0.293,0.221,0.146,0
2025-12-14 10:06:38,44.39,41.35,3.297,14.01,-0.393,0.628,0.315,0
2025-12-14 10:06:39,43.62,42.23,3.301,15.38,0.154,-0.428,-0.19,0
2025-12-14 10:06:40,46.11,41.37,3.273,15.43,0.093,0.89,-0.047,0
2025-12-14 10:06:41,39.2,42.85,3.357,14.45,-0.067,-0.21,0.042,0
2025-12-14 10:06:42,47.13,42.37,3.278,14.69,-0.172,0.668,0.012,0
2025-12-14 10:06:43,43.34,41.01,3.318,14.21,-0.077,0.627,-0.005,0
2025-12-14 10:06:44,46.96,41.37,3.327,15.44,-0.517,1.465,0.183,0
2025-12-14 10:06:45,49.24,40.98,3.29,15.4,-0.203,1.061,0.312,0
2025-12-14 10:06:46,46.52,40.26,3.298,15.36,0.141,0.607,0.197,0
2025-12-14 10:06:47,52.44,41.36,3.264,16.25,-0.102,0.378,-0.063,0
2025-12-14 10:06:48,46.38,41.72,3.277,15.2,0.109,-0.653,0.22,0
2025-12-14 10:06:49,48.85,40.86,3.304,15.12,0.344,0.171,0.051,0
2025-12-14 10:06:50,45.98,41.53,3.26,16.5,0.432,-0.416,-0.103,0
2025-12-14 10:06:51,47.38,41.98,3.295,15.62,0.576,1.055,0.158,0
2025-12-14 10:06:52,50.36,43.52,3.275,15.74,0.954,-0.233,0.015,0
2025-12-14 10:06:53,51.66,44.6,3.276,15.99,0.747,0.165,-0.151,0
2025-12-14 10:06:54,47.69,45.62,3.305,15.2,0.812,0.677,0.092,0
2025-12-14 10:06:55,46.8,45.26,3.305,15.75,0.723,-0.552,-0.034,0
2025-12-14 10:06:56,50.76,46.04,3.286,16.07,0.44,0.216,-0.13,0
2025-12-14 10:06:57,47.6,47.14,3.296,15.57,0.097,-0.587,-0.236,0
2025-12-14 10:06:58,52.73,46.8,3.265,15.34,0.458,0.718,-0.005,0
2025-12-14 10:06:59,44.75,46.11,3.294,14.02,0.075,-0.134,-0.139,0
2025-12-14 10:07:00,50.4,47.55,3.273,15.72,-0.151,-0.102,-0.078,0
2025-12-14 10:07:01,50.09,46.42,3.265,15.38,0.085,-0.175,0.144,0
2025-12-14 10:07:02,47.09,46.38,3.299,15.17,0.129,1.214,0.372,0
2025-12-14 10:07:03,51.86,47.22,3.25,16.06,0.201,0.523,0.117,0
2025-12-14 10:07:04,50.82,46.75,3.278,15.88,0.561,-0.315,0.053,0
2025-12-14 10:07:05,53.01,48.56,3.279,16.31,0.675,1.396,0.235,0
2025-12-14 10:07:06,48.52,49.22,3.286,15.65,0.5,-1.451,-0.286,0
2025-12-14 10:07:07,54.07,49.76,3.247,16.35,0.535,-0.187,0.054,0
2025-12-14 10:07:08,44.6,49.72,3.278,14.63,0.101,-1.171,-0.124,0
2025-12-14 10:07:09,49.89,49.43,3.274,16.15,-0.004,-0.066,0.052,0
2025-12-14 10:07:10,47.15,49.06,3.272,15.69,-0.127,-0.992,0.011,0
2025-12-14 10:07:11,48.18,49.2,3.282,15.9,-0.008,0.159,0.095,0
2025-12-14 10:07:12,49.11,49.12,3.305,16.4,0.077,-0.015,-0.129,0
2025-12-14 10:07:13,45.4,49.68,3.308,15.1,0.137,0.462,-0.148,0
2025-12-14 10:07:14,49.81,49.81,3.267,15.5,-0.203,-1.244,-0.148,0
2025-12-14 10:07:15,49.46,49.75,3.282,14.95,-0.091,-0.285,-0.096,0
2025-12-14 10:07:16,41.96,48.19,3.285,15.16,-0.055,0.56,0.001,0
2025-12-14 10:07:17,47.68,48.66,3.265,15.92,-0.252,-0.576,-0.162,0
2025-12-14 10:07:18,48.2,49.4,3.302,15.11,-0.166,0.681,0.159,0
2025-12-14 10:07:19,46.93,48.55,3.302,14.7,0.094,0.296,-0.005,0
2025-12-14 10:07:20,52.87,48.92,3.258,15.74,0.074,2.395,-0.001,0
2025-12-14 10:07:21,43.44,48.66,3.284,15.14,-0.116,-0.328,0.079,0
2025-12-14 10:07:22,59.66,49.03,3.218,15.92,-0.159,-0.044,0.184,0
2025-12-14 10:07:23,46.56,48.82,3.286,15.5,-0.257,-0.833,0.061,0
2025-12-14 10:07:24,46.72,47.76,3.304,15.62,-0.435,0.115,-0.04,0
2025-12-14 10:07:25,48.7,47.63,3.283,16.05,-0.397,-2.714,-0.378,0
2025-12-14 10:07:26,44.02,46.48,3.279,14.93,-0.407,-0.748,-0.184,0
2025-12-14 10:07:27,46.09,47.05,3.302,14.03,-0.064,0.717,0.015,0
2025-12-14 10:07:28,42.82,46.79,3.281,14.58,-0.138,-1.13,-0.139,0
2025-12-14 10:07:29,50.3,47.44,3.275,15.69,0.147,0.468,-0.076,0
2025-12-14 10:07:30,43.05,46.94,3.299,15.35,-0.071,0.604,0.294,0
2025-12-14 10:07:31,46.36,47.22,3.285,14.55,0.031,0.529,-0.012,0
2025-12-14 10:07:32,49.11,46.69,3.261,15.5,-0.385,-1.402,0.013,0
2025-12-14 10:07:33,45.46,46.94,3.304,14.52,-0.155,0.085,0.103,0
2025-12-14 10:07:34,43.29,45.51,3.309,15.76,-0.513,-1.777,-0.18,0
2025-12-14 10:07:35,43.48,46.17,3.295,15.87,-0.38,-0.894,-0.153,0
2025-12-14 10:07:36,37.48,44.65,3.326,13.66,-0.451,-1.545,-0.08,0
2025-12-14 10:07:37,44.64,44.8,3.306,14.73,-0.18,-0.182,-0.326,0
2025-12-14 10:07:38,37.74,44.69,3.319,14.12,-0.442,0.216,-0.038,0
2025-12-14 10:07:39,42.38,44.61,3.292,14.13,-0.025,1.081,0.268,0
2025-12-14 10:07:40,44.55,43.95,3.309,15.68,0.04,-1.374,-0.211,0
2025-12-14 10:07:41,42.88,44.52,3.305,15.0,0.048,0.883,0.01,0
2025-12-14 10:07:42,37.77,45.0,3.322,13.68,0.175,-0.043,0.025,0
2025-12-14 10:07:43,42.15,44.93,3.304,14.17,0.357,0.073,-0.127,0
2025-12-14 10:07:44,42.16,45.49,3.308,14.25,0.117,-0.068,-0.27,0
2025-12-14 10:07:45,44.92,45.74,3.301,15.04,-0.091,1.105,0.06,0
2025-12-14 10:07:46,42.54,45.11,3.321,13.65,-0.162,-0.316,0.043,0
2025-12-14 10:07:47,43.3,44.54,3.298,13.98,-0.181,-0.012,-0.017,0
2025-12-14 10:07:48,40.57,44.12,3.328,14.39,-0.255,-0.36,-0.077,0
2025-12-14 10:07:49,42.1,44.58,3.351,14.16,-0.037,0.43,0.206,0
2025-12-14 10:07:50,43.12,44.47,3.321,14.65,-0.401,-1.257,0.008,0
2025-12-14 10:07:51,44.69,44.92,3.281,14.68,-0.131,0.136,-0.085,0
2025-12-14 10:07:52,37.01,42.53,3.335,14.02,-0.502,-0.165,0.005,0
2025-12-14 10:07:53,41.25,43.47,3.326,13.96,-0.355,-0.673,-0.161,0
2025-12-14 10:07:54,41.28,42.07,3.32,14.19,-0.363,-1.55,-0.111,0
2025-12-14 10:07:55,39.76,42.69,3.283,13.85,-0.042,0.883,0.175,0
2025-12-14 10:07:56,36.94,43.11,3.315,14.12,-0.074,0.115,0.053,0
2025-12-14 10:07:57,41.43,42.32,3.296,14.9,0.154,0.629,0.325,0
2025-12-14 10:07:58,41.83,43.1,3.309,14.23,0.115,0.328,0.187,0
2025-12-14 10:07:59,44.42,42.84,3.306,15.81,0.141,-0.22,-0.096,0
2025-12-14 10:08:00,41.39,43.26,3.335,14.78,0.358,-0.764,-0.148,0
2025-12-14 10:08:01,35.84,43.81,3.349,13.64,0.35,0.291,0.212,0
2025-12-14 10:08:02,37.61,44.11,3.327,14.16,0.543,-0.175,-0.262,0
2025-12-14 10:08:03,43.28,44.85,3.306,15.29,0.564,-0.748,-0.114,0
2025-12-14 10:08:04,43.55,45.55,3.295,14.5,0.245,1.114,0.233,0
2025-12-14 10:08:05,37.65,46.08,3.341,14.21,0.183,1.259,0.213,0
2025-12-14 10:08:06,41.41,45.03,3.308,14.81,0.069,-0.942,-0.249,0
2025-12-14 10:08:07,43.9,45.03,3.311,15.22,-0.147,-0.744,-0.031,0
2025-12-14 10:08:08,38.57,45.19,3.326,14.04,-0.294,1.713,0.263,0
2025-12-14 10:08:09,39.83,44.82,3.325,14.35,-0.202,-0.053,0.034,0
2025-12-14 10:08:10,46.22,44.61,3.282,15.53,-0.19,0.899,-0.12,0
2025-12-14 10:08:11,41.14,44.02,3.327,14.98,0.002,1.105,0.287,0
2025-12-14 10:08:12,48.4,44.08,3.289,14.62,-0.039,0.144,-0.114,0
2025-12-14 10:08:13,44.1,45.2,3.28,15.47,0.137,0.188,0.098,0
2025-12-14 10:08:14,40.55,44.63,3.292,13.77,0.234,1.21,0.029,0
2025-12-14 10:08:15,47.16,45.3,3.288,16.02,0.158,-0.71,-0.062,0
2025-12-14 10:08:16,47.2,45.19,3.271,15.12,-0.086,0.102,-0.017,0
2025-12-14 10:08:17,44.84,44.86,3.276,14.31,-0.097,1.448,0.246,0
2025-12-14 10:08:18,44.61,44.77,3.288,15.39,-0.366,-0.83,-0.243,0
2025-12-14 10:08:19,47.79,44.14,3.264,15.0,-0.309,-0.335,0.011,0
2025-12-14 10:08:20,43.01,43.47,3.293,14.81,-0.428,-0.331,0.164,0
2025-12-14 10:08:21,45.52,43.65,3.301,15.18,-0.631,-0.423,-0.087,0
2025-12-14 10:08:22,43.19,42.72,3.32,15.13,-0.378,-1.232,-0.063,0
2025-12-14 10:08:23,42.49,41.61,3.324,14.95,-0.343,-0.089,-0.03,0
2025-12-14 10:08:24,41.63,42.25,3.319,14.69,-0.205,0.11,0.109,0
2025-12-14 10:08:25,42.57,41.75,3.335,14.66,-0.089,0.588,0.039,0
2025-12-14 10:08:26,46.07,42.62,3.295,15.72,0.156,1.097,0.274,0
2025-12-14 10:08:27,46.13,42.28,3.293,15.33,0.288,2.038,0.303,0
2025-12-14 10:08:28,47.98,42.39,3.264,16.32,0.494,3.912,0.753,0
2025-12-14 10:08:29,51.82,43.69,3.258,16.2,0.282,0.242,-0.026,0
2025-12-14 10:08:30,62.13,44.22,3.218,18.42,0.211,0.742,0.221,0
2025-12-14 10:08:31,47.28,44.03,3.294,15.59,0.169,0.542,-0.025,0
2025-12-14 10:08:32,49.84,43.33,3.284,16.43,-0.285,-0.72,-0.063,0
2025-12-14 10:08:33,50.69,43.24,3.278,16.19,-0.332,-2.778,-0.721,0
2025-12-14 10:08:34,48.22,42.26,3.291,15.89,-0.431,0.803,0.124,0
2025-12-14 10:08:35,48.24,42.56,3.309,14.82,-0.259,0.019,-0.178,0
2025-12-14 10:08:36,51.3,41.88,3.244,16.21,-0.24,-0.26,-0.028,0
2025-12-14 10:08:37,49.93,42.03,3.293,15.55,-0.011,0.275,-0.165,0
2025-12-14 10:08:38,49.39,42.04,3.283,16.05,0.154,0.792,0.266,0
2025-12-14 10:08:39,49.6,42.21,3.303,15.06,0.337,-0.193,-0.191,0
2025-12-14 10:08:40,52.19,43.33,3.256,16.15,0.03,-0.5,0.069,0
2025-12-14 10:08:41,50.34,43.56,3.269,15.26,0.217,-0.166,-0.117,0
2025-12-14 10:08:42,47.44,42.18,3.298,15.89,0.406,0.275,0.273,0
2025-12-14 10:08:43,48.56,43.12,3.282,15.47,0.258,-1.723,-0.18,0
2025-12-14 10:08:44,50.97,44.24,3.276,16.43,0.24,0.22,0.031,0
2025-12-14 10:08:45,43.58,44.62,3.301,15.25,0.689,0.72,-0.039,0
2025-12-14 10:08:46,51.44,44.76,3.298,15.41,0.569,0.093,-0.002,0
2025-12-14 10:08:47,51.04,45.63,3.261,15.7,0.377,0.029,0.141,0
2025-12-14 10:08:48,49.03,45.97,3.308,15.46,0.34,1.495,0.058,0
2025-12-14 10:08:49,51.12,46.12,3.269,17.13,0.499,-0.777,-0.165,0
2025-12-14 10:08:50,51.05,46.32,3.264,15.54,0.472,-1.431,-0.173,0
2025-12-14 10:08:51,47.55,47.26,3.317,14.59,0.433,-0.707,-0.179,0
2025-12-14 10:08:52,43.88,47.99,3.314,14.83,0.363,-0.328,-0.248,0
2025-12-14 10:08:53,45.49,48.13,3.306,14.57,0.45,-0.885,-0.055,0
2025-12-14 10:08:54,49.48,47.94,3.264,15.89,0.213,-0.609,0.27,0
2025-12-14 10:08:55,46.63,48.57,3.283,15.26,0.144,1.527,0.266,0
2025-12-14 10:08:56,44.51,48.32,3.284,15.94,-0.213,0.82,0.201,0
2025-12-14 10:08:57,51.52,48.71,3.293,16.16,-0.239,0.6,0.17,0
2025-12-14 10:08:58,49.59,47.07,3.275,15.57,-0.402,-0.012,0.044,0
2025-12-14 10:08:59,52.48,46.74,3.266,16.74,-0.427,0.661,0.016,0
2025-12-14 10:09:00,46.57,46.56,3.305,15.48,-0.666,-1.117,-0.33,0
2025-12-14 10:09:01,47.81,46.19,3.29,16.02,-0.445,-1.375,-0.093,0
2025-12-14 10:09:02,45.93,45.38,3.285,14.51,-0.334,-0.362,-0.151,0
2025-12-14 10:09:03,42.72,44.84,3.276,15.11,-0.144,0.903,0.156,0
2025-12-14 10:09:04,50.67,45.07,3.309,15.98,-0.211,0.16,0.011,0
2025-12-14 10:09:05,51.08,45.84,3.296,16.26,-0.046,0.916,0.293,0
2025-12-14 10:09:06,48.61,45.13,3.286,16.08,0.184,0.86,0.118,0
2025-12-14 10:09:07,50.52,45.14,3.27,15.98,-0.007,-0.884,0.021,0
2025-12-14 10:09:08,47.02,45.76,3.312,15.69,-0.248,-1.348,-0.348,0
2025-12-14 10:09:09,46.25,45.04,3.301,16.09,-0.103,-1.197,-0.378,0
2025-12-14 10:09:10,44.35,44.6,3.287,14.52,0.137,-0.317,0.015,0
2025-12-14 10:09:11,42.62,44.62,3.323,14.19,0.004,-1.25,-0.383,0
2025-12-14 10:09:12,48.93,45.83,3.292,16.05,-0.047,-1.035,-0.489,0
2025-12-14 10:09:13,40.77,45.78,3.324,13.78,0.156,0.193,0.035,0
2025-12-14 10:09:14,41.07,44.81,3.326,13.65,0.013,0.456,0.113,0
2025-12-14 10:09:15,45.31,45.38,3.307,14.7,-0.173,-1.252,-0.271,0
2025-12-14 10:09:16,44.91,44.68,3.322,14.76,-0.069,0.207,0.102,0
2025-12-14 10:09:17,42.67,44.97,3.286,14.7,0.253,0.637,0.146,0
2025-12-14 10:09:18,41.8,45.44,3.308,14.29,0.295,1.925,0.467,0
2025-12-14 10:09:19,44.25,46.07,3.31,14.38,0.565,-1.406,-0.058,0
2025-12-14 10:09:20,54.93,46.86,3.278,17.03,0.554,0.993,0.154,0
2025-12-14 10:09:21,37.88,47.51,3.333,14.47,0.682,-0.075,-0.1,0
2025-12-14 10:09:22,47.64,47.74,3.3,15.47,0.516,-0.953,0.021,0
2025-12-14 10:09:23,41.43,48.85,3.299,13.79,0.296,-2.264,-0.329,0
2025-12-14 10:09:24,39.49,48.65,3.283,14.49,0.438,1.283,0.186,0
2025-12-14 10:09:25,43.61,48.33,3.289,15.39,0.398,-0.599,-0.225,0
2025-12-14 10:09:26,44.29,49.7,3.293,15.4,0.403,0.034,0.107,0
2025-12-14 10:09:27,44.64,49.73,3.277,14.34,0.762,3.936,0.569,0
2025-12-14 10:09:28,41.6,50.86,3.294,14.32,0.535,-0.395,-0.289,0
2025-12-14 10:09:29,59.17,52.46,3.241,17.33,0.188,-1.014,-0.078,0
2025-12-14 10:09:30,41.63,51.01,3.347,13.94,-0.019,0.033,0.219,0
2025-12-14 10:09:31,39.22,50.64,3.309,15.01,-0.525,-0.155,0.073,0
2025-12-14 10:09:32,44.81,49.63,3.289,15.44,-0.906,-4.314,-0.569,0
2025-12-14 10:09:33,40.82,48.24,3.32,14.69,-0.78,-0.399,0.03,0
2025-12-14 10:09:34,37.6,47.93,3.325,14.49,-0.899,-0.29,-0.392,0
2025-12-14 10:09:35,39.64,47.11,3.314,14.09,-0.795,-1.092,-0.263,0
2025-12-14 10:09:36,37.77,46.14,3.316,13.05,-0.642,0.141,-0.143,0
2025-12-14 10:09:37,39.35,45.65,3.318,14.12,-0.757,0.055,-0.157,0
2025-12-14 10:09:38,41.53,45.03,3.33,13.97,-0.663,0.23,0.143,0
2025-12-14 10:09:39,37.87,44.15,3.309,13.7,-0.495,0.288,0.274,0
2025-12-14 10:09:40,40.79,43.79,3.322,14.81,-0.418,-0.846,-0.237,0
2025-12-14 10:09:41,39.21,43.67,3.31,14.42,-0.311,-0.171,0.068,0
2025-12-14 10:09:42,35.12,43.56,3.324,12.93,-0.349,0.081,0.112,0
2025-12-14 10:09:43,40.67,43.48,3.291,14.31,-0.131,1.018,0.104,0
2025-12-14 10:09:44,38.28,42.41,3.292,14.26,-0.343,-0.769,-0.002,0
2025-12-14 10:09:45,45.88,43.14,3.302,15.33,-0.094,1.203,0.392,0
2025-12-14 10:09:46,35.36,41.95,3.331,14.41,-0.157,-0.039,-0.047,0
2025-12-14 10:09:47,41.13,43.09,3.315,14.9,0.396,0.914,0.305,0
2025-12-14 10:09:48,40.48,42.69,3.289,14.08,-0.092,-0.859,-0.257,0
2025-12-14 10:09:49,42.85,44.39,3.333,15.79,0.093,1.633,0.014,0
2025-12-14 10:09:50,41.58,42.68,3.327,14.04,-0.055,-0.031,-0.093,0
2025-12-14 10:09:51,43.53,42.42,3.293,14.48,0.267,0.746,0.089,0
2025-12-14 10:09:52,40.97,42.82,3.313,14.43,0.002,-0.076,-0.181,0
2025-12-14 10:09:53,44.21,44.03,3.295,14.52,0.391,-0.213,-0.027,0
2025-12-14 10:09:54,42.47,44.4,3.317,14.88,0.707,3.255,0.485,0
2025-12-14 10:09:55,40.52,44.64,3.313,13.91,0.522,0.893,0.21,0
2025-12-14 10:09:56,59.8,45.96,3.257,16.9,0.136,0.017,0.104,0
2025-12-14 10:09:57,45.44,45.43,3.293,15.48,0.333,0.331,-0.007,0
2025-12-14 10:09:58,44.29,44.71,3.293,15.04,0.165,0.167,0.07,0
2025-12-14 10:09:59,44.12,46.06,3.298,14.85,-0.167,-2.668,-0.095,0
2025-12-14 10:10:00,41.36,45.46,3.334,14.26,0.05,0.171,-0.266,0
2025-12-14 10:10:01,46.46,45.12,3.277,16.42,0.016,1.364,0.2,0
2025-12-14 10:10:02,46.29,45.68,3.352,14.15,-0.312,-0.112,-0.057,0
2025-12-14 10:10:03,51.11,44.79,3.271,16.04,-0.06,1.792,0.383,0
2025-12-14 10:10:04,43.56,44.5,3.289,14.56,-0.018,-0.595,-0.321,0
2025-12-14 10:10:05,50.32,45.16,3.272,16.17,-0.163,0.945,0.401,0
2025-12-14 10:10:06,43.49,45.03,3.316,14.82,0.32,-0.623,-0.031,0
2025-12-14 10:10:07,51.02,44.87,3.258,16.16,0.442,0.55,0.031,0
2025-12-14 10:10:08,48.0,46.39,3.3,15.88,0.442,-1.064,-0.295,0
2025-12-14 10:10:09,46.31,46.71,3.299,14.72,0.344,0.803,0.064,0
2025-12-14 10:10:10,45.0,47.37,3.317,14.7,0.42,-1.212,-0.224,0
2025-12-14 10:10:11,47.5,46.75,3.268,15.14,0.381,-1.665,-0.254,0
2025-12-14 10:10:12,44.96,46.97,3.279,15.04,0.196,0.998,0.339,0
2025-12-14 10:10:13,39.67,48.29,3.309,14.61,0.03,0.668,0.05,0
2025-12-14 10:10:14,51.3,47.69,3.296,16.41,0.12,0.899,0.304,0
2025-12-14 10:10:15,48.34,47.52,3.291,14.95,0.131,0.729,0.095,0
2025-12-14 10:10:16,51.99,47.35,3.251,16.66,-0.386,0.86,0.138,0
2025-12-14 10:10:17,48.6,47.62,3.306,15.51,-0.081,-0.267,0.058,0
2025-12-14 10:10:18,43.97,46.36,3.331,15.3,-0.257,0.77,0.214,0
2025-12-14 10:10:19,49.97,47.28,3.294,16.7,-0.335,-0.374,-0.164,0
2025-12-14 10:10:20,52.18,46.24,3.254,16.02,-0.341,-0.146,-0.111,0
2025-12-14 10:10:21,50.12,45.67,3.277,15.84,-0.311,1.244,0.089,0
2025-12-14 10:10:22,47.87,45.92,3.283,14.96,-0.475,0.275,-0.094,0
2025-12-14 10:10:23,50.19,44.81,3.288,15.75,-0.533,-1.238,-0.131,0
2025-12-14 10:10:24,51.34,44.91,3.303,16.23,-0.52,0.233,-0.038,0
2025-12-14 10:10:25,45.99,43.57,3.311,15.36,-0.448,1.041,0.375,0
2025-12-14 10:10:26,51.29,43.07,3.254,15.65,0.054,-0.095,-0.049,0
2025-12-14 10:10:27,53.08,43.68,3.255,16.83,0.202,0.393,0.037,0
2025-12-14 10:10:28,49.72,45.08,3.274,15.5,0.184,1.927,0.291,0
2025-12-14 10:10:29,53.3,45.92,3.262,16.41,0.605,-0.918,-0.093,0
2025-12-14 10:10:30,55.63,44.5,3.248,16.82,0.608,-1.134,-0.352,0
2025-12-14 10:10:31,46.7,46.1,3.298,15.19,0.021,0.067,0.092,0
2025-12-14 10:10:32,47.4,46.72,3.289,15.07,-0.295,-0.56,-0.146,0
2025-12-14 10:10:33,50.05,45.19,3.297,15.96,0.221,-1.787,-0.33,0
2025-12-14 10:10:34,50.5,44.45,3.267,15.68,-0.021,0.022,0.008,0
2025-12-14 10:10:35,46.69,45.6,3.311,15.17,-0.096,-0.07,0.05,0
2025-12-14 10:10:36,46.81,46.0,3.286,15.23,0.234,-1.272,-0.358,0
2025-12-14 10:10:37,47.06,46.24,3.305,15.32,0.781,0.558,0.275,0
2025-12-14 10:10:38,43.69,46.35,3.313,14.17,0.569,-0.053,0.129,0
2025-12-14 10:10:39,53.29,48.36,3.265,17.06,0.602,0.257,0.113,0
2025-12-14 10:10:40,46.43,48.44,3.284,15.81,0.207,-0.214,-0.215,0
2025-12-14 10:10:41,48.1,49.01,3.276,15.79,0.453,1.143,0.429,0
2025-12-14 10:10:42,45.99,47.28,3.294,14.24,-0.024,-1.998,-0.533,0
2025-12-14 10:10:43,49.41,48.62,3.265,16.32,-0.021,0.536,0.089,0
2025-12-14 10:10:44,43.3,48.24,3.309,14.39,-0.329,0.281,0.022,0
2025-12-14 10:10:45,49.11,48.34,3.272,16.26,-0.101,-1.132,0.162,0
2025-12-14 10:10:46,49.51,47.36,3.286,15.9,-0.417,-1.042,-0.182,0
2025-12-14 10:10:47,40.33,46.77,3.31,15.05,-0.353,1.395,0.221,0
2025-12-14 10:10:48,44.2,46.53,3.289,15.4,-0.686,-0.886,-0.254,0
2025-12-14 10:10:49,50.28,46.47,3.268,15.5,-0.315,2.364,0.136,0
2025-12-14 10:10:50,44.68,44.91,3.321,14.99,-0.428,1.706,0.004,0
2025-12-14 10:10:51,61.33,45.79,3.233,16.58,-0.2,0.534,-0.035,0
2025-12-14 10:10:52,48.86,44.63,3.29,15.07,-0.304,-1.666,-0.127,0
2025-12-14 10:10:53,46.87,45.53,3.26,15.23,-0.021,-0.575,-0.009,0
2025-12-14 10:10:54,41.95,44.96,3.322,14.86,-0.096,-3.855,-0.406,0
2025-12-14 10:10:55,41.81,44.81,3.299,14.94,-0.058,-1.592,-0.261,0
2025-12-14 10:10:56,42.05,45.31,3.3,14.55,-0.131,-0.789,-0.126,0
2025-12-14 10:10:57,40.9,44.34,3.292,13.77,-0.213,-0.027,-0.107,0
2025-12-14 10:10:58,42.92,44.87,3.319,14.6,0.08,0.145,-0.01,0
2025-12-14 10:10:59,41.81,43.89,3.286,14.33,-0.232,-0.73,-0.255,0
2025-12-14 10:11:00,42.54,45.21,3.297,14.89,0.027,-0.165,0.061,0
2025-12-14 10:11:01,38.4,44.15,3.315,13.28,-0.177,0.397,-0.043,0
2025-12-14 10:11:02,40.07,44.48,3.334,14.07,0.14,0.403,0.205,0
2025-12-14 10:11:03,44.9,43.99,3.32,14.39,0.234,-0.182,-0.233,0
2025-12-14 10:11:04,43.83,44.59,3.321,15.35,0.526,-0.652,0.142,0
2025-12-14 10:11:05,41.63,46.38,3.301,13.73,0.271,0.435,0.026,0
2025-12-14 10:11:06,35.14,46.78,3.339,13.98,0.282,-0.387,0.152,0
2025-12-14 10:11:07,42.25,45.83,3.299,14.2,0.296,0.318,-0.223,0
2025-12-14 10:11:08,42.97,45.4,3.321,15.15,-0.006,-0.591,0.127,0
2025-12-14 10:11:09,45.42,46.08,3.323,14.23,-0.133,0.214,-0.145,0
2025-12-14 10:11:10,38.67,46.35,3.307,14.36,0.013,0.318,0.093,0
2025-12-14 10:11:11,36.21,46.12,3.318,13.26,-0.117,-0.599,-0.308,0
2025-12-14 10:11:12,43.84,45.9,3.311,14.67,-0.24,-0.968,0.183,0
2025-12-14 10:11:13,39.97,44.81,3.349,13.61,-0.531,1.436,0.136,0
2025-12-14 10:11:14,40.58,44.87,3.319,15.15,-0.632,1.223,0.458,0
2025-12-14 10:11:15,45.85,43.69,3.312,15.04,-0.477,-0.613,-0.023,0
2025-12-14 10:11:16,42.33,42.96,3.326,15.55,-0.158,0.112,0.266,0
2025-12-14 10:11:17,40.77,43.51,3.333,14.55,0.235,4.414,0.303,0
2025-12-14 10:11:18,40.53,44.02,3.301,14.94,0.484,-0.697,-0.109,0
2025-12-14 10:11:19,62.65,46.05,3.209,16.66,0.498,-0.919,-0.458,0
2025-12-14 10:11:20,42.37,46.11,3.318,14.5,0.584,2.566,0.358,0
2025-12-14 10:11:21,37.73,45.45,3.332,13.26,0.158,-0.488,-0.227,0
2025-12-14 10:11:22,53.61,46.43,3.304,16.34,-0.279,-4.501,-0.371,0
2025-12-14 10:11:23,38.09,44.82,3.35,13.8,-0.101,-0.228,-0.133,0
2025-12-14 10:11:24,40.14,44.65,3.324,14.81,0.162,0.038,0.056,0
2025-12-14 10:11:25,41.23,45.61,3.319,13.83,-0.05,-2.689,-0.303,0
2025-12-14 10:11:26,37.92,46.26,3.343,13.54,0.272,1.334,0.308,0
2025-12-14 10:11:27,40.16,46.18,3.302,14.82,0.65,1.198,0.037,0
2025-12-14 10:11:28,44.76,46.18,3.315,15.34,0.824,0.416,0.098,0
2025-12-14 10:11:29,46.13,47.91,3.274,14.99,0.644,0.931,0.064,0
2025-12-14 10:11:30,43.31,49.73,3.288,14.32,0.906,0.641,-0.098,0
2025-12-14 10:11:31,42.58,49.48,3.287,13.86,1.035,-1.026,-0.088,0
2025-12-14 10:11:32,43.37,50.71,3.295,14.34,0.643,-1.4,-0.376,0
2025-12-14 10:11:33,39.63,51.35,3.317,14.89,0.045,0.514,0.066,0
2025-12-14 10:11:34,39.13,51.12,3.297,13.11,-0.29,1.213,0.359,0
2025-12-14 10:11:35,45.88,49.95,3.305,14.65,-0.7,-0.448,0.024,0
2025-12-14 10:11:36,48.64,48.03,3.262,15.66,-1.245,-0.329,-0.282,0
2025-12-14 10:11:37,41.13,47.22,3.309,14.46,-1.479,0.967,0.277,0
2025-12-14 10:11:38,37.99,45.13,3.318,13.48,-1.119,0.996,0.49,0
2025-12-14 10:11:39,43.97,43.73,3.284,14.49,-0.987,-0.991,-0.198,0
2025-12-14 10:11:40,50.86,44.36,3.284,17.1,-0.931,0.321,0.048,0
2025-12-14 10:11:41,43.69,43.1,3.29,14.66,-0.432,1.181,0.381,0
2025-12-14 10:11:42,42.73,42.56,3.319,14.7,-0.085,0.117,0.068,0
2025-12-14 10:11:43,43.89,42.97,3.32,15.39,-0.137,-0.381,-0.104,0
2025-12-14 10:11:44,44.55,43.3,3.29,14.83,0.326,-0.201,-0.007,0
2025-12-14 10:11:45,48.96,43.68,3.283,16.58,0.532,0.38,0.069,0
2025-12-14 10:11:46,42.68,44.72,3.314,14.63,0.578,0.644,-0.024,0
2025-12-14 10:11:47,44.64,45.22,3.31,15.04,0.637,0.33,0.048,0
2025-12-14 10:11:48,47.11,45.85,3.278,15.27,0.556,1.025,-0.061,0
2025-12-14 10:11:49,46.2,46.49,3.294,15.07,0.255,0.459,0.158,0
2025-12-14 10:11:50,54.08,46.46,3.273,16.27,0.153,0.882,0.145,0
2025-12-14 10:11:51,44.98,46.0,3.296,15.42,0.144,1.032,0.209,0
2025-12-14 10:11:52,49.05,45.99,3.26,15.77,-0.16,1.191,0.206,0
2025-12-14 10:11:53,52.27,46.58,3.289,16.31,0.005,-0.661,-0.21,0
2025-12-14 10:11:54,52.16,45.69,3.296,16.1,0.368,1.024,-0.085,0
2025-12-14 10:11:55,50.78,46.48,3.255,15.22,0.375,0.146,-0.049,0
2025-12-14 10:11:56,50.1,47.84,3.282,14.99,0.178,-0.797,-0.135,0
2025-12-14 10:11:57,49.78,47.86,3.263,15.52,0.48,-2.001,-0.303,0
2025-12-14 10:11:58,48.28,47.46,3.28,15.64,0.324,-0.907,0.094,0
2025-12-14 10:11:59,42.15,48.09,3.3,14.58,0.105,0.055,0.121,0
2025-12-14 10:12:00,46.24,48.11,3.278,15.69,0.042,0.106,-0.109,0
2025-12-14 10:12:01,50.37,48.37,3.252,15.6,0.302,0.407,0.148,0
2025-12-14 10:12:02,50.31,48.07,3.285,14.98,-0.197,2.399,0.369,0
2025-12-14 10:12:03,50.32,48.97,3.239,16.37,-0.296,1.056,0.024,0
2025-12-14 10:12:04,54.15,47.11,3.254,16.43,-0.212,-0.205,-0.13,0
2025-12-14 10:12:05,51.52,46.62,3.247,15.81,-0.067,1.518,0.509,0
2025-12-14 10:12:06,49.35,47.31,3.294,14.95,-0.161,-0.458,-0.234,0
2025-12-14 10:12:07,57.9,47.73,3.238,17.52,0.3,-0.504,-0.037,0
2025-12-14 10:12:08,48.03,48.17,3.276,15.21,0.301,-0.674,0.052,0
2025-12-14 10:12:09,51.63,48.61,3.265,16.24,0.062,0.23,0.303,0
2025-12-14 10:12:10,48.15,48.13,3.305,16.07,-0.042,-3.004,-0.529,0
2025-12-14 10:12:11,50.5,47.62,3.279,16.46,-0.224,-0.227,-0.004,0
2025-12-14 10:12:12,42.87,47.52,3.304,14.88,-0.035,0.759,-0.054,0
2025-12-14 10:12:13,46.9,47.05,3.271,15.19,0.408,0.336,-0.002,0
2025-12-14 10:12:14,55.43,48.43,3.225,15.97,0.655,1.893,0.244,0
2025-12-14 10:12:15,49.84,50.17,3.294,16.06,0.709,0.508,0.01,0
2025-12-14 10:12:16,59.96,50.89,3.25,17.68,0.75,1.77,0.32,0
2025-12-14 10:12:17,45.41,51.07,3.299,14.93,0.51,0.059,0.226,0
2025-12-14 10:12:18,55.75,50.8,3.222,16.79,0.109,2.245,0.354,0
2025-12-14 10:12:19,55.72,50.98,3.242,17.11,0.138,-1.185,-0.243,0
2025-12-14 10:12:20,61.06,50.72,3.223,17.84,0.275,1.044,0.339,0
2025-12-14 10:12:21,54.04,51.58,3.251,16.47,0.033,-1.987,-0.416,0
2025-12-14 10:12:22,50.63,52.44,3.268,16.62,0.005,-2.159,-0.579,0
2025-12-14 10:12:23,45.81,50.97,3.289,14.71,0.065,-1.786,-0.423,0
2025-12-14 10:12:24,44.93,51.01,3.261,14.21,0.013,-2.11,-0.35,0
2025-12-14 10:12:25,52.13,51.04,3.24,15.72,-0.004,-0.339,-0.304,0
2025-12-14 10:12:26,43.49,51.65,3.31,14.72,0.183,0.567,0.121,0
2025-12-14 10:12:27,48.94,52.42,3.287,15.1,0.406,-0.142,0.213,0
2025-12-14 10:12:28,48.65,51.88,3.278,15.31,0.136,-1.901,-0.16,0
2025-12-14 10:12:29,44.22,53.03,3.287,15.27,0.041,0.352,-0.035,0
2025-12-14 10:12:30,42.63,51.72,3.271,14.92,-0.134,-1.083,-0.063,0
2025-12-14 10:12:31,45.25,51.85,3.296,14.54,0.134,-1.794,-0.305,0
2025-12-14 10:12:32,43.52,51.75,3.317,14.79,-0.32,0.366,-0.012,0
2025-12-14 10:12:33,39.68,52.55,3.292,13.78,-0.087,0.211,-0.058,0
2025-12-14 10:12:34,46.05,51.43,3.273,15.21,-0.442,-0.196,0.067,0
2025-12-14 10:12:35,43.68,51.29,3.297,14.63,-0.651,-0.567,-0.061,0
2025-12-14 10:12:36,44.27,49.64,3.276,14.88,-0.956,0.71,0.223,0
2025-12-14 10:12:37,40.69,48.5,3.294,14.48,-0.779,-0.66,-0.094,0
2025-12-14 10:12:38,43.23,47.77,3.308,14.9,-0.575,1.003,0.172,0
2025-12-14 10:12:39,42.75,47.54,3.273,14.74,-0.186,-0.287,-0.055,0
2025-12-14 10:12:40,48.7,48.41,3.269,15.49,0.043,0.382,0.116,0
2025-12-14 10:12:41,42.83,48.71,3.31,14.6,0.136,0.316,0.022,0
2025-12-14 10:12:42,42.59,48.71,3.291,15.06,0.047,-0.41,-0.044,0
2025-12-14 10:12:43,44.81,48.45,3.295,15.01,-0.108,-1.749,-0.001,0
2025-12-14 10:12:44,40.7,47.77,3.327,14.52,-0.169,-0.252,-0.083,0
2025-12-14 10:12:45,39.95,47.87,3.302,15.49,-0.035,-0.206,-0.028,0
2025-12-14 10:12:46,41.57,47.87,3.314,14.19,-0.112,-1.056,-0.158,0
2025-12-14 10:12:47,41.56,48.53,3.323,14.92,-0.191,0.043,-0.041,0
2025-12-14 10:12:48,39.53,47.89,3.302,14.22,-0.423,0.243,-0.21,0
2025-12-14 10:12:49,40.91,46.82,3.3,14.32,-0.702,-0.442,0.021,0
2025-12-14 10:12:50,41.17,45.75,3.309,14.44,-0.917,-1.574,-0.437,0
2025-12-14 10:12:51,39.36,44.36,3.303,14.3,-0.832,0.116,0.11,0
2025-12-14 10:12:52,33.69,43.95,3.361,12.73,-0.351,0.841,0.191,0
2025-12-14 10:12:53,40.11,43.73,3.318,14.76,-0.378,-0.524,0.005,0
2025-12-14 10:12:54,45.12,45.06,3.294,15.27,0.007,-0.368,-0.084,0
2025-12-14 10:12:55,38.55,43.86,3.291,14.46,-0.006,1.282,0.269,0
2025-12-14 10:12:56,37.53,44.39,3.305,13.88,0.06,-0.814,-0.207,0
2025-12-14 10:12:57,40.1,43.92,3.317,14.08,-0.388,-1.165,-0.444,0
2025-12-14 10:12:58,36.04,44.03,3.346,13.73,0.09,0.447,-0.029,0
2025-12-14 10:12:59,39.29,43.12,3.32,13.06,-0.156,0.293,0.055,0
2025-12-14 10:13:00,40.78,44.32,3.329,14.31,-0.038,1.3,0.231,0
2025-12-14 10:13:01,38.99,43.61,3.295,14.15,-0.187,1.093,0.172,0
2025-12-14 10:13:02,46.6,43.73,3.316,15.24,0.049,0.308,0.122,0
2025-12-14 10:13:03,41.51,43.1,3.326,14.59,-0.041,-0.275,-0.109,0
2025-12-14 10:13:04,40.83,43.37,3.308,13.66,0.109,-0.024,-0.08,0
2025-12-14 10:13:05,39.4,44.11,3.315,13.77,-0.302,-2.048,-0.321,0
2025-12-14 10:13:06,38.87,44.15,3.305,13.75,-0.304,-0.182,-0.088,0
2025-12-14 10:13:07,36.36,42.22,3.333,13.63,-0.278,0.37,0.256,0
2025-12-14 10:13:08,40.6,41.58,3.31,14.15,-0.15,0.284,0.057,0
2025-12-14 10:13:09,42.68,41.98,3.329,14.94,-0.39,0.156,-0.032,0
2025-12-14 10:13:10,40.82,43.36,3.318,14.05,-0.041,1.342,0.361,0
2025-12-14 10:13:11,39.65,42.2,3.297,13.59,-0.026,0.465,0.023,0
2025-12-14 10:13:12,43.07,42.02,3.294,15.43,-0.125,0.155,-0.049,0
2025-12-14 10:13:13,42.92,41.45,3.315,14.26,-0.39,0.773,0.14,0
2025-12-14 10:13:14,43.45,41.35,3.305,14.7,0.124,0.983,0.389,0
2025-12-14 10:13:15,44.69,41.41,3.283,14.75,0.35,-0.687,-0.268,0
2025-12-14 10:13:16,44.56,42.82,3.293,15.53,0.256,-0.026,0.111,0
2025-12-14 10:13:17,39.63,43.77,3.329,14.09,0.14,-0.404,-0.109,0
2025-12-14 10:13:18,42.79,42.73,3.329,14.82,0.129,-0.652,-0.119,0
2025-12-14 10:13:19,41.43,42.05,3.31,14.16,0.069,-1.055,-0.313,0
2025-12-14 10:13:20,41.43,42.05,3.31,14.16,0.345,0.204,0.908,0
2025-12-14 10:13:21,39.29,43.17,3.299,13.97,0.714,2.344,0.337,0
2025-12-14 10:13:22,40.65,45.49,3.298,18.64,0.265,1.689,0.281,0
2025-12-14 10:13:23,54.51,46.3,3.257,16.5,0.634,2.048,1.27,0
2025-12-14 10:13:24,49.88,43.38,3.272,15.57,0.188,1.087,0.263,0
2025-12-14 10:13:25,51.67,45.22,3.278,20.51,0.168,1.849,-0.6,0
2025-12-14 10:13:26,44.72,44.11,3.275,15.28,-0.285,-1.725,-0.124,0
2025-12-14 10:13:27,49.9,46.33,3.187,15.64,0.433,1.312,0.158,0
2025-12-14 10:13:28,45.88,44.87,3.295,15.88,0.146,-0.706,-0.982,0
2025-12-14 10:13:29,56.44,45.54,3.261,16.35,0.771,1.816,0.036,0
2025-12-14 10:13:30,48.14,45.95,3.258,15.6,0.221,-0.551,-0.104,0
2025-12-14 10:13:31,53.8,47.97,3.257,15.46,1.148,1.594,0.045,0
2025-12-14 10:13:32,47.14,47.44,3.301,15.12,1.54,-2.504,-0.067,0
2025-12-14 10:13:33,53.85,50.61,3.246,16.1,1.554,0.462,0.079,0
2025-12-14 10:13:34,43.92,53.24,3.302,16.02,1.141,-1.028,0.189,0
2025-12-14 10:13:35,50.45,53.72,3.252,15.99,1.011,-0.316,0.147,0
2025-12-14 10:13:36,48.66,53.67,3.232,16.41,0.059,0.152,0.175,0
2025-12-14 10:13:37,45.56,52.49,3.271,15.85,0.047,-0.172,-0.143,0
2025-12-14 10:13:38,54.61,50.9,3.268,16.98,-0.591,-0.576,-0.291,0
2025-12-14 10:13:39,43.06,53.48,3.287,15.31,0.028,-0.056,-0.066,0
2025-12-14 10:13:40,47.57,50.76,3.254,14.54,0.199,-0.262,0.974,0
2025-12-14 10:13:41,48.38,53.81,3.24,16.08,0.267,-1.584,-0.409,0
2025-12-14 10:13:42,44.26,53.49,3.27,20.72,-0.58,1.1,0.115,0
2025-12-14 10:13:43,46.69,52.24,3.255,14.93,-0.402,0.015,0.274,0
2025-12-14 10:13:44,48.56,50.58,3.278,15.88,-0.946,0.105,0.07,0
2025-12-14 10:13:45,47.65,48.75,3.261,15.9,-0.421,-0.325,-1.064,0
2025-12-14 10:13:46,48.91,49.08,3.185,16.43,-0.217,1.229,0.389,0
2025-12-14 10:13:47,42.63,51.38,3.283,15.41,0.062,-0.333,-0.062,0
2025-12-14 10:13:48,52.83,51.16,3.221,16.88,0.143,-1.515,-0.223,0
2025-12-14 10:13:49,46.89,50.89,3.248,15.57,-0.105,-0.223,-0.131,0
2025-12-14 10:13:50,40.07,49.47,3.307,14.79,-0.48,0.099,-0.319,0
2025-12-14 10:13:51,47.8,48.55,3.304,15.77,-0.589,-0.144,-0.136,0
2025-12-14 10:13:52,43.12,48.98,3.278,13.81,-0.772,-1.171,-0.08,0
2025-12-14 10:13:53,52.11,48.21,3.258,16.2,-0.231,-0.511,0.021,0
2025-12-14 10:13:54,41.04,47.02,3.307,15.17,-0.199,-0.066,0.044,0
2025-12-14 10:13:55,37.52,48.31,3.327,14.89,-0.227,0.332,0.212,0
2025-12-14 10:13:56,47.47,47.56,3.273,15.99,0.22,-2.215,-0.387,0
2025-12-14 10:13:57,44.78,47.85,3.293,14.87,0.409,1.175,0.122,0
2025-12-14 10:13:58,41.04,49.31,3.315,14.27,-0.05,-0.014,-0.167,0
2025-12-14 10:13:59,46.91,49.07,3.287,15.78,-0.299,-0.68,0.402,0
2025-12-14 10:14:00,37.45,48.06,3.32,14.06,-0.054,-0.944,0.071,0
2025-12-14 10:14:01,44.06,46.06,3.294,18.0,-0.084,0.969,0.142,0
2025-12-14 10:14:02,40.06,47.58,3.276,15.22,0.105,-1.378,-0.267,0
2025-12-14 10:14:03,45.88,48.89,3.282,14.98,1.132,0.609,0.121,0
2025-12-14 10:14:04,40.02,49.6,3.312,14.45,1.559,-2.677,-1.091,0
2025-12-14 10:14:05,40.49,53.72,3.275,14.67,0.951,-0.055,-0.211,0
2025-12-14 10:14:06,30.68,53.86,3.326,12.55,0.684,-2.948,-0.349,0
2025-12-14 10:14:07,39.79,52.33,3.264,14.17,0.232,-0.28,-0.01,0
2025-12-14 10:14:08,31.15,52.31,3.33,13.23,-0.914,-1.597,-0.043,0
2025-12-14 10:14:09,38.62,50.75,3.295,14.4,-0.311,1.482,0.482,0
2025-12-14 10:14:10,32.5,49.16,3.343,14.45,-0.172,0.338,0.146,0
2025-12-14 10:14:11,38.09,52.3,3.312,14.96,-0.176,1.643,0.259,0
2025-12-14 10:14:12,41.48,51.47,3.288,14.9,0.416,-0.605,-0.122,0
2025-12-14 10:14:13,39.36,51.43,3.303,14.53,0.83,1.327,-0.045,0
2025-12-14 10:14:14,35.6,52.83,3.284,13.79,-0.12,-0.859,-0.281,0
2025-12-14 10:14:15,39.14,53.3,3.282,14.23,-0.461,-1.073,0.321,0
2025-12-14 10:14:16,33.8,51.7,3.319,13.55,-0.617,-0.525,-0.132,0
2025-12-14 10:14:17,36.12,49.17,3.337,16.51,-0.878,2.609,0.606,0
2025-12-14 10:14:18,36.74,48.35,3.327,13.87,-1.413,-0.388,0.001,0
2025-12-14 10:14:19,48.64,48.44,3.263,16.82,-0.682,1.388,0.16,0
2025-12-14 10:14:20,37.2,46.24,3.338,14.23,0.339,2.321,-0.092,0
2025-12-14 10:14:21,40.74,48.29,3.284,14.35,-0.019,1.532,0.249,0
2025-12-14 10:14:22,47.72,50.86,3.253,16.05,-0.027,-0.194,-0.097,0
2025-12-14 10:14:23,44.4,48.25,3.269,15.12,-0.054,0.802,0.178,0
2025-12-14 10:14:24,47.67,48.31,3.266,16.33,-0.801,0.071,0.172,0
2025-12-14 10:14:25,41.21,45.97,3.293,15.13,-1.107,-1.734,-0.206,0
2025-12-14 10:14:26,41.09,44.29,3.298,15.21,-0.947,-2.355,-0.218,0
2025-12-14 10:14:27,39.05,45.33,3.301,15.02,-0.693,-1.676,-0.427,0
2025-12-14 10:14:28,32.62,43.52,3.332,14.02,-0.427,-0.103,0.92,0
2025-12-14 10:14:29,39.29,44.85,3.306,14.19,-0.138,0.415,1.001,0
2025-12-14 10:14:30,40.69,43.83,3.285,19.73,-0.353,2.225,0.418,0
2025-12-14 10:14:31,43.17,43.6,3.29,20.22,-0.115,2.358,0.283,0
2025-12-14 10:14:32,50.17,43.56,3.276,17.11,0.294,1.974,0.404,0
2025-12-14 10:14:33,44.41,42.94,3.289,15.44,1.229,1.114,-0.758,0
2025-12-14 10:14:34,49.16,46.32,3.156,16.21,1.383,2.514,-0.649,0
2025-12-14 10:14:35,46.26,49.98,3.215,15.94,1.373,-0.397,-0.253,0
2025-12-14 10:14:36,55.74,50.51,3.221,16.97,1.68,1.204,0.173,0
2025-12-14 10:14:37,48.19,50.43,3.26,15.85,0.614,0.24,0.086,0
2025-12-14 10:14:38,50.43,51.34,3.237,16.3,-0.164,1.882,0.456,0
2025-12-14 10:14:39,50.36,49.39,3.256,16.64,-0.557,-0.744,0.032,0
2025-12-14 10:14:40,55.67,49.16,3.229,18.22,-0.444,1.798,0.445,0
2025-12-14 10:14:41,52.02,47.73,3.195,17.13,-0.434,0.088,0.084,0
2025-12-14 10:14:42,57.18,48.21,3.242,18.07,0.402,-1.128,0.045,0
2025-12-14 10:14:43,50.87,49.17,3.214,16.72,0.545,-0.77,-0.253,0
2025-12-14 10:14:44,44.72,51.4,3.259,16.87,1.088,1.076,0.285,0
2025-12-14 10:14:45,51.82,51.88,3.23,16.95,1.13,-1.34,-0.201,0
2025-12-14 10:14:46,57.4,53.17,3.205,18.56,0.842,0.145,0.238,0
2025-12-14 10:14:47,50.48,53.86,3.244,17.07,0.237,2.166,0.456,0
2025-12-14 10:14:48,51.6,53.38,3.217,17.91,-0.066,0.215,0.1,0
2025-12-14 10:14:49,55.55,52.59,3.223,19.15,-0.282,-1.484,-0.343,0
2025-12-14 10:14:50,52.9,51.55,3.235,17.45,-0.536,0.711,0.027,0
2025-12-14 10:14:51,49.98,51.76,3.239,16.84,-0.477,3.48,0.649,0
2025-12-14 10:14:52,54.03,51.18,3.217,17.2,-0.041,0.773,0.003,0
2025-12-14 10:14:53,69.0,50.99,3.158,21.16,-0.149,-0.202,-0.034,0
2025-12-14 10:14:54,59.41,52.38,3.192,19.16,-0.293,0.381,0.166,0
2025-12-14 10:14:55,51.89,50.81,3.207,17.28,-0.449,-0.933,-0.094,0
2025-12-14 10:14:56,51.88,50.29,3.218,17.67,0.011,-2.257,-0.374,0
2025-12-14 10:14:57,49.37,48.94,3.25,16.73,0.019,-1.195,-0.158,0
2025-12-14 10:14:58,57.71,51.05,3.202,19.29,0.607,-0.881,-0.028,0
2025-12-14 10:14:59,53.44,52.48,3.234,18.37,0.784,-0.19,0.014,0
2025-12-14 10:15:00,47.48,53.85,3.21,17.14,0.672,1.201,0.323,0
2025-12-14 10:15:01,50.93,54.21,3.228,17.74,0.328,-1.388,-0.3,0
2025-12-14 10:15:02,55.37,52.3,3.225,18.34,0.22,-1.26,-0.402,0
2025-12-14 10:15:03,50.77,52.69,3.21,17.78,0.321,-0.231,-0.3,0
2025-12-14 10:15:04,47.14,53.58,3.237,16.36,0.718,-1.498,-0.25,0
2025-12-14 10:15:05,46.33,55.45,3.241,15.64,2.624,-1.829,-0.308,0
2025-12-14 10:15:06,43.44,57.8,3.253,16.49,1.913,1.714,0.136,0
2025-12-14 10:15:07,46.23,65.42,3.232,16.8,1.795,-0.798,-0.051,0
2025-12-14 10:15:08,59.34,62.25,3.177,18.46,1.904,-0.474,0.185,0
2025-12-14 10:15:09,43.15,62.56,3.247,16.11,0.702,0.849,0.413,0
2025-12-14 10:15:10,43.96,64.97,3.224,16.56,-1.48,-1.603,-0.27,0
2025-12-14 10:15:11,47.68,61.31,3.22,18.56,-0.73,-2.679,-0.336,0
2025-12-14 10:15:12,38.21,58.02,3.286,15.46,-1.677,-1.386,-0.14,0
2025-12-14 10:15:13,45.94,58.6,3.266,16.78,-2.417,-0.203,-0.091,0
2025-12-14 10:15:14,36.22,54.17,3.282,15.41,-1.651,-2.354,-0.734,0
2025-12-14 10:15:15,42.94,52.89,3.258,16.11,-1.37,0.909,0.21,0
2025-12-14 10:15:16,35.91,53.06,3.28,14.89,-1.869,-1.86,-0.548,0
2025-12-14 10:15:17,42.75,51.17,3.264,16.51,-0.769,1.916,0.081,0
2025-12-14 10:15:18,36.64,49.25,3.289,14.04,0.028,1.994,0.333,0
2025-12-14 10:15:19,45.8,50.33,3.232,15.81,0.376,-0.202,-0.201,0
2025-12-14 10:15:20,52.92,53.03,3.218,17.77,0.614,-1.334,-0.284,0
2025-12-14 10:15:21,34.9,54.94,3.282,13.88,0.54,1.628,0.396,0
2025-12-14 10:15:22,36.09,54.24,3.302,15.08,0.23,-1.684,-0.263,0
2025-12-14 10:15:23,44.78,51.95,3.224,16.02,-0.482,-4.474,-0.93,0
2025-12-14 10:15:24,37.38,51.48,3.275,14.5,-0.83,1.563,0.393,0
2025-12-14 10:15:25,30.55,50.62,3.316,13.12,-0.914,1.386,0.185,0
2025-12-14 10:15:26,42.71,50.79,3.199,15.85,-0.646,-0.674,-0.178,0
2025-12-14 10:15:27,43.02,49.67,3.294,16.01,-0.387,0.164,-0.048,0
2025-12-14 10:15:28,41.41,48.72,3.277,15.13,-0.014,2.758,0.615,0
2025-12-14 10:15:29,38.2,49.54,3.301,14.26,-0.07,-0.44,0.066,0
2025-12-14 10:15:30,44.34,50.55,3.24,16.2,0.41,-0.897,-0.271,0
2025-12-14 10:15:31,40.52,50.43,3.282,16.18,0.706,0.178,0.235,0
2025-12-14 10:15:32,38.53,51.72,3.261,14.66,0.159,1.099,0.241,0
2025-12-14 10:15:33,42.3,52.25,3.253,16.31,-0.03,-0.552,-0.03,0
2025-12-14 10:15:34,43.69,50.34,3.269,15.46,-0.251,0.741,-0.074,0
2025-12-14 10:15:35,41.57,50.4,3.265,16.05,-0.936,1.322,0.538,0
2025-12-14 10:15:36,44.22,49.18,3.263,15.81,-1.076,0.955,0.212,0
2025-12-14 10:15:37,45.14,47.04,3.249,17.35,-0.007,0.396,0.393,0
2025-12-14 10:15:38,47.08,46.87,3.238,17.36,-0.6,0.314,-0.142,0
2025-12-14 10:15:39,45.67,50.3,3.232,17.43,-0.703,0.301,0.15,0
2025-12-14 10:15:40,43.15,47.4,3.26,15.34,-0.284,1.997,0.281,0
2025-12-14 10:15:41,45.73,45.66,3.255,16.56,-0.122,-0.038,0.578,0
2025-12-14 10:15:42,55.13,45.62,3.213,18.75,-0.751,0.892,-0.121,0
2025-12-14 10:15:43,46.89,46.26,3.265,20.25,-0.121,1.954,0.611,0
2025-12-14 10:15:44,50.13,46.55,3.244,16.82,0.405,1.006,0.038,0
2025-12-14 10:15:45,52.92,46.79,3.194,18.39,0.581,-1.446,-0.148,0
2025-12-14 10:15:46,50.76,47.68,3.234,16.75,1.559,0.397,-0.728,0
2025-12-14 10:15:47,47.89,48.52,3.225,18.01,1.119,0.217,0.189,0
2025-12-14 10:15:48,48.87,54.05,3.224,16.61,0.948,0.94,-0.088,0
2025-12-14 10:15:49,51.22,52.15,3.213,17.77,0.569,0.512,0.091,0
2025-12-14 10:15:50,57.62,51.53,3.197,17.95,0.0,1.178,0.987,0
2025-12-14 10:15:51,53.31,50.53,3.21,17.21,-0.759,1.08,0.51,0
2025-12-14 10:15:52,53.78,48.53,3.223,22.95,-0.235,1.357,0.057,0
2025-12-14 10:15:53,54.27,50.26,3.21,19.17,0.467,-0.959,0.114,0
2025-12-14 10:15:54,58.0,50.97,3.206,18.05,0.718,0.486,0.182,0
2025-12-14 10:15:55,52.82,53.87,3.222,18.53,1.339,0.269,-0.916,0
2025-12-14 10:15:56,55.75,54.12,3.186,18.12,0.469,-0.388,-0.379,0
2025-12-14 10:15:57,55.13,55.22,3.204,18.36,0.752,-1.979,-0.408,0
2025-12-14 10:15:58,52.33,52.6,3.193,17.27,0.085,0.295,-0.048,0
2025-12-14 10:15:59,48.11,54.74,3.23,16.01,-0.347,0.925,0.195,0
2025-12-14 10:16:00,54.3,54.29,3.213,18.29,-0.807,-0.231,0.038,0
2025-12-14 10:16:01,60.37,52.39,3.197,19.09,-0.301,-0.255,0.025,0
2025-12-14 10:16:02,53.97,51.18,3.196,18.56,-0.766,0.146,-0.154,0
2025-12-14 10:16:03,51.06,51.1,3.195,17.39,-0.534,1.0,0.347,0
2025-12-14 10:16:04,48.84,50.9,3.242,15.24,-0.55,-1.68,-0.193,0
2025-12-14 10:16:05,59.3,51.62,3.176,20.02,0.116,-0.788,-0.393,0
2025-12-14 10:16:06,51.97,49.63,3.2,18.12,0.182,0.345,-0.018,0
2025-12-14 10:16:07,50.04,51.76,3.207,16.59,0.001,-0.003,0.566,0
2025-12-14 10:16:08,52.78,52.01,3.22,17.3,0.473,-2.195,-0.643,0
2025-12-14 10:16:09,48.82,50.91,3.221,18.07,0.507,0.021,-0.119,0
2025-12-14 10:16:10,48.32,53.99,3.212,16.81,0.492,-1.752,-0.103,0
2025-12-14 10:16:11,52.08,52.17,3.233,17.53,0.268,-0.096,-0.115,0
2025-12-14 10:16:12,41.27,54.22,3.234,16.08,-0.023,-1.013,-0.371,0
2025-12-14 10:16:13,52.3,53.35,3.214,16.73,-0.927,0.978,0.213,0
2025-12-14 10:16:14,43.76,50.79,3.224,16.22,-1.023,-0.506,-0.022,0
2025-12-14 10:16:15,53.22,49.35,3.172,17.87,-1.225,0.269,0.007,0
2025-12-14 10:16:16,49.54,47.05,3.208,17.42,-1.213,-0.862,0.13,0
2025-12-14 10:16:17,42.62,48.1,3.237,16.11,-0.506,0.48,0.206,0
2025-12-14 10:16:18,48.0,47.28,3.242,17.38,-0.403,-1.924,-0.287,0
2025-12-14 10:16:19,46.16,48.26,3.212,17.25,-0.115,-2.449,-0.22,0
2025-12-14 10:16:20,43.6,47.34,3.26,16.44,-0.347,-0.588,-0.109,0
2025-12-14 10:16:21,37.3,46.48,3.273,16.32,-0.158,-0.942,-0.215,0
2025-12-14 10:16:22,39.68,46.36,3.225,15.57,-0.135,1.126,0.043,0
2025-12-14 10:16:23,43.28,46.49,3.242,16.3,-0.276,-0.885,-0.215,0
2025-12-14 10:16:24,51.79,47.58,3.227,17.46,0.81,1.285,0.045,0
2025-12-14 10:16:25,39.17,45.96,3.276,15.36,1.011,3.678,1.993,0
2025-12-14 10:16:26,43.72,50.53,3.233,16.54,1.09,-0.335,-0.132,0
2025-12-14 10:16:27,58.07,51.42,3.182,25.53,0.707,-1.897,-0.304,0
2025-12-14 10:16:28,41.61,51.94,3.261,15.64,0.626,-0.253,-0.246,0
2025-12-14 10:16:29,42.3,51.12,3.235,15.94,-0.2,-0.414,0.05,0
2025-12-14 10:16:30,37.9,49.09,3.278,14.13,-1.154,-3.998,-2.059,0
2025-12-14 10:16:31,41.65,49.53,3.243,16.79,-1.242,-1.645,-0.093,0
2025-12-14 10:16:32,38.07,45.65,3.254,15.24,-1.553,0.692,0.332,0
2025-12-14 10:16:33,33.39,45.73,3.284,15.18,-0.629,1.24,0.592,0
2025-12-14 10:16:34,45.76,43.35,3.235,17.6,-0.001,0.213,-0.121,0
2025-12-14 10:16:35,44.11,45.95,3.238,17.09,0.521,1.62,0.227,0
2025-12-14 10:16:36,42.71,49.53,3.248,16.19,0.928,1.324,0.105,0
2025-12-14 10:16:37,46.18,48.25,3.244,16.37,0.9,-1.337,-0.304,0
2025-12-14 10:16:38,40.0,50.37,3.262,15.7,0.309,-0.725,-0.315,0
2025-12-14 10:16:39,39.08,47.85,3.283,16.07,0.06,1.98,0.261,0
2025-12-14 10:16:40,40.48,47.5,3.244,15.52,0.498,2.445,0.406,0
2025-12-14 10:16:41,52.61,49.82,3.201,17.49,-0.612,3.261,0.784,0
2025-12-14 10:16:42,58.4,50.74,3.186,18.4,-0.411,0.675,-0.04,0
2025-12-14 10:16:43,56.31,47.31,3.182,19.62,-0.044,1.403,0.352,0
2025-12-14 10:16:44,42.45,45.8,3.251,15.87,-0.47,-0.969,-0.174,0
2025-12-14 10:16:45,47.5,47.28,3.242,17.28,-0.627,-3.993,-0.677,0
2025-12-14 10:16:46,47.77,47.47,3.205,16.62,-0.231,-1.177,-0.405,0
2025-12-14 10:16:47,38.44,47.61,3.281,15.02,-0.423,1.568,0.278,0
2025-12-14 10:16:48,50.43,46.15,3.238,17.6,-0.651,-0.495,-0.07,0
2025-12-14 10:16:49,50.29,43.68,3.219,17.27,-0.061,1.177,0.452,0
2025-12-14 10:16:50,45.02,44.02,3.267,16.93,1.156,4.216,0.972,0
2025-12-14 10:16:51,53.65,47.17,3.201,18.88,0.697,-2.518,-0.268,0
2025-12-14 10:16:52,59.52,53.38,3.14,19.88,0.914,0.183,0.267,0
2025-12-14 10:16:53,37.83,49.64,3.242,16.26,1.077,2.832,0.758,0
2025-12-14 10:16:54,51.21,48.25,3.236,18.6,0.544,0.197,0.381,0
2025-12-14 10:16:55,59.18,49.41,3.18,20.72,-0.631,-0.167,-0.013,0
2025-12-14 10:16:56,54.64,49.89,3.189,20.78,0.103,4.764,1.267,0
2025-12-14 10:16:57,58.68,50.23,3.184,19.81,0.132,2.174,0.745,0
2025-12-14 10:16:58,61.66,50.16,3.159,22.6,-0.004,1.785,0.43,0
2025-12-14 10:16:59,62.08,48.91,3.051,22.33,0.165,1.394,0.172,0
2025-12-14 10:17:00,68.11,49.39,3.136,22.87,0.228,-0.098,0.278,0
2025-12-14 10:17:01,61.61,50.71,3.168,21.64,-0.068,-0.419,-0.202,0
2025-12-14 10:17:02,58.19,51.37,3.129,21.2,0.548,-0.123,-0.1,0
2025-12-14 10:17:03,59.56,49.82,3.169,21.58,0.853,0.219,0.063,0
2025-12-14 10:17:04,61.46,51.66,3.164,21.83,0.696,-1.481,-0.381,0
2025-12-14 10:17:05,69.2,53.66,3.111,23.18,0.4,1.406,0.385,0
2025-12-14 10:17:06,54.2,54.19,3.183,19.73,0.897,0.248,-0.119,0
2025-12-14 10:17:07,65.22,53.37,3.138,23.13,0.411,-0.321,-0.047,0
2025-12-14 10:17:08,60.8,54.3,3.128,20.99,0.806,-0.823,-0.091,0
2025-12-14 10:17:09,59.86,53.71,3.166,21.59,0.865,1.12,1.507,0
2025-12-14 10:17:10,65.09,57.69,3.122,22.73,0.654,-0.192,-0.141,0
2025-12-14 10:17:11,59.8,58.51,3.137,27.27,0.585,-0.485,-0.02,0
2025-12-14 10:17:12,64.26,56.64,3.121,22.42,0.821,1.738,0.45,0
2025-12-14 10:17:13,58.37,57.23,3.161,20.89,-0.308,-1.358,0.568,0
2025-12-14 10:17:14,68.55,57.82,3.104,23.84,-0.423,-0.148,-1.216,0
2025-12-14 10:17:15,58.3,56.15,3.149,25.57,0.262,-1.113,-0.088,0
2025-12-14 10:17:16,59.06,56.4,3.134,21.19,0.179,0.174,-0.083,0
2025-12-14 10:17:17,58.7,57.95,3.046,21.99,0.65,1.482,0.167,0
2025-12-14 10:17:18,59.24,58.12,3.142,20.47,1.359,0.412,-0.99,0
2025-12-14 10:17:19,75.96,61.07,3.065,24.68,1.008,-0.001,-0.051,0
2025-12-14 10:17:20,60.35,62.94,3.162,20.62,0.465,0.409,0.132,0
2025-12-14 10:17:21,59.06,61.44,3.145,20.93,0.596,-0.45,-0.14,0
2025-12-14 10:17:22,60.75,60.27,3.049,22.64,-0.116,-3.525,-0.622,0
2025-12-14 10:17:23,56.99,61.1,3.119,19.77,-0.239,-2.124,-0.358,0
2025-12-14 10:17:24,58.34,60.49,3.133,21.56,0.149,0.111,0.144,0
2025-12-14 10:17:25,49.73,61.75,3.172,18.82,0.687,-0.247,0.194,0
2025-12-14 10:17:26,59.61,62.19,3.158,21.65,0.623,0.694,0.532,0
2025-12-14 10:17:27,59.51,63.71,3.127,23.61,0.945,-0.177,0.087,0
2025-12-14 10:17:28,60.46,64.21,3.127,22.43,0.814,1.737,0.392,0
2025-12-14 10:17:29,57.45,65.21,3.134,22.0,0.646,-2.606,-0.615,0
2025-12-14 10:17:30,58.42,65.82,3.109,20.78,-0.131,-0.589,-0.425,0
2025-12-14 10:17:31,46.59,65.42,3.18,18.58,-1.337,-3.325,-0.668,0
2025-12-14 10:17:32,56.56,63.06,3.119,21.49,-1.521,-1.699,-1.09,0
2025-12-14 10:17:33,43.84,57.53,3.184,19.09,-1.479,-3.882,-0.979,0
2025-12-14 10:17:34,48.96,57.61,3.209,16.55,-1.268,0.444,-0.3,0
2025-12-14 10:17:35,39.01,58.42,3.23,15.89,-0.437,-1.8,-0.046,0
2025-12-14 10:17:36,48.81,59.08,3.187,17.08,0.503,-0.54,-0.367,0
2025-12-14 10:17:37,47.57,60.87,3.166,21.26,0.28,-0.7,0.005,0
2025-12-14 10:17:38,41.14,60.04,3.207,17.26,0.363,-0.753,-0.118,0
2025-12-14 10:17:39,45.46,59.01,3.188,16.57,0.01,-0.19,0.213,0
2025-12-14 10:17:40,35.25,60.24,3.23,15.3,-0.579,-0.62,-0.927,0
2025-12-14 10:17:41,47.86,59.13,3.21,18.14,-0.79,-0.574,-0.147,0
2025-12-14 10:17:42,44.47,57.98,3.222,16.63,-0.578,0.135,0.299,0
2025-12-14 10:17:43,38.27,56.09,3.25,16.52,-1.294,0.733,0.224,0
2025-12-14 10:17:44,46.13,56.12,3.121,18.07,-1.18,-1.234,-0.337,0
2025-12-14 10:17:45,38.91,53.77,3.245,16.42,-1.409,0.096,0.268,0
2025-12-14 10:17:46,41.69,53.23,3.208,16.46,-0.951,1.185,0.302,0
2025-12-14 10:17:47,44.94,50.93,3.228,17.96,-1.033,0.912,0.062,0
2025-12-14 10:17:48,44.19,51.34,3.232,18.03,-0.291,2.295,0.293,0
2025-12-14 10:17:49,50.69,50.95,3.195,18.38,-0.184,1.525,0.535,0
2025-12-14 10:17:50,50.39,52.31,3.176,17.88,0.103,-0.65,-0.296,0
2025-12-14 10:17:51,49.32,52.31,3.193,19.13,-0.485,0.994,0.195,0
2025-12-14 10:17:52,41.7,51.45,3.206,16.49,0.042,-1.558,-0.459,0
2025-12-14 10:17:53,49.16,48.91,3.182,19.01,0.056,1.018,0.362,0
2025-12-14 10:17:54,42.9,51.16,3.209,16.08,-0.182,-0.289,-0.199,0
2025-12-14 10:17:55,55.48,52.6,3.151,19.69,-0.142,3.132,0.543,0
2025-12-14 10:17:56,47.87,51.4,3.205,18.14,0.241,0.823,-0.053,0
2025-12-14 10:17:57,57.36,50.74,3.175,19.2,-0.152,0.913,0.324,0
2025-12-14 10:17:58,53.28,50.12,3.182,18.74,-1.134,-0.23,-0.128,0
2025-12-14 10:17:59,47.47,50.4,3.222,17.7,-0.678,0.029,-0.12,0
2025-12-14 10:18:00,54.33,46.93,3.188,19.05,-0.476,-0.399,0.249,0
2025-12-14 10:18:01,48.02,48.01,3.194,17.54,-0.385,3.056,0.793,0
2025-12-14 10:18:02,55.36,48.36,3.175,20.45,0.173,1.822,0.421,0
2025-12-14 10:18:03,68.55,48.19,3.131,22.71,0.765,-0.275,-0.086,0
2025-12-14 10:18:04,56.58,51.27,3.148,19.81,1.202,2.714,0.512,0
2025-12-14 10:18:05,52.95,50.75,3.16,18.62,1.289,1.243,0.127,0
2025-12-14 10:18:06,61.58,54.02,3.135,20.1,1.356,-0.981,-0.215,0
2025-12-14 10:18:07,61.58,54.8,3.119,21.08,0.658,0.821,-0.095,0
2025-12-14 10:18:08,63.65,54.97,3.121,21.63,0.741,2.104,0.455,0
2025-12-14 10:18:09,60.69,54.56,3.077,19.33,1.06,0.488,0.256,0
2025-12-14 10:18:10,63.47,54.46,3.114,20.9,0.621,-0.447,-0.062,0
2025-12-14 10:18:11,64.02,59.32,3.094,21.38,0.634,-1.196,0.175,0
2025-12-14 10:18:12,59.34,57.91,3.15,20.77,0.265,0.821,0.494,0
2025-12-14 10:18:13,57.67,58.14,3.117,22.51,0.3,-0.063,0.103,0
2025-12-14 10:18:14,64.79,55.88,3.105,21.8,-0.711,-0.504,-0.222,0
2025-12-14 10:18:15,63.16,55.96,3.11,21.41,-0.517,0.762,0.014,0
2025-12-14 10:18:16,61.51,55.77,3.121,20.27,-0.412,0.417,-0.352,0
2025-12-14 10:18:17,63.15,55.32,3.154,20.84,-0.533,-0.328,-0.071,0
2025-12-14 10:18:18,59.75,56.08,3.135,20.75,0.055,-1.253,-0.218,0
2025-12-14 10:18:19,63.15,53.22,3.095,21.45,0.088,-0.88,0.021,0
2025-12-14 10:18:20,56.89,56.23,3.097,20.32,0.417,0.569,0.099,0
2025-12-14 10:18:21,57.11,56.21,3.139,20.37,0.117,-1.058,-0.453,0
2025-12-14 10:18:22,66.0,57.41,3.07,21.33,0.356,-0.231,-0.161,0
2025-12-14 10:18:23,54.46,56.67,3.129,18.48,0.256,0.455,0.05,0
2025-12-14 10:18:24,62.0,55.0,3.125,20.64,0.651,-0.131,-0.179,0
2025-12-14 10:18:25,59.16,57.51,3.126,20.57,-0.21,-1.676,-0.342,0
2025-12-14 10:18:26,56.45,59.46,3.147,19.47,-0.025,0.283,0.097,0
2025-12-14 10:18:27,57.62,56.36,3.131,19.62,0.12,0.063,-0.022,0
2025-12-14 10:18:28,55.88,56.54,3.16,18.97,-0.298,0.387,0.124,0
2025-12-14 10:18:29,62.31,55.6,3.125,20.53,-0.729,1.592,0.173,0
2025-12-14 10:18:30,61.1,56.02,3.123,21.19,-0.297,0.614,-0.04,0
2025-12-14 10:18:31,64.41,55.82,3.118,20.34,-0.342,-0.607,-0.157,0
2025-12-14 10:18:32,60.69,54.88,3.137,19.43,-0.431,-1.762,-0.159,0
2025-12-14 10:18:33,52.84,54.83,3.152,18.18,-0.512,1.121,0.864,0
2025-12-14 10:18:34,53.5,53.45,3.141,19.73,-0.103,-0.085,0.721,0
2025-12-14 10:18:35,66.7,53.46,3.109,25.51,0.056,0.129,1.058,0
2025-12-14 10:18:36,63.99,55.3,3.085,23.94,0.247,3.827,1.474,0
2025-12-14 10:18:37,61.34,55.16,3.082,24.71,2.1,1.378,0.714,0
2025-12-14 10:18:38,71.98,56.06,3.076,25.55,2.314,-1.539,-0.781,0
2025-12-14 10:18:39,60.39,63.95,3.121,23.3,2.16,-2.618,-0.69,0
2025-12-14 10:18:40,59.01,65.03,3.106,21.61,1.537,-1.673,-0.677,0
2025-12-14 10:18:41,50.9,66.1,3.137,20.49,1.176,-2.704,-0.575,0
2025-12-14 10:18:42,52.97,62.84,3.11,21.33,-0.632,0.349,0.134,0
2025-12-14 10:18:43,58.46,61.94,3.118,22.68,-0.827,-0.907,-0.125,0
2025-12-14 10:18:44,62.14,60.79,3.1,23.98,-1.139,1.593,0.364,0
2025-12-14 10:18:45,54.48,60.9,3.132,20.98,-0.938,-0.675,0.782,0
2025-12-14 10:18:46,58.86,60.41,3.125,22.31,-1.446,-1.573,-0.414,0
2025-12-14 10:18:47,49.6,58.15,3.147,25.24,-1.588,-1.096,-0.488,0
2025-12-14 10:18:48,50.59,54.71,3.166,20.61,-1.946,0.413,0.17,0
2025-12-14 10:18:49,56.66,52.85,3.029,21.53,-1.832,-1.7,-0.061,0
2025-12-14 10:18:50,56.54,51.17,3.142,21.83,-1.459,1.526,-0.372,0
2025-12-14 10:18:51,50.36,51.24,3.191,22.01,-0.701,1.331,0.455,0
2025-12-14 10:18:52,57.23,50.86,3.116,23.38,-0.212,-1.548,0.047,0
2025-12-14 10:18:53,57.24,51.21,3.149,22.88,-0.143,-0.465,0.265,0
2025-12-14 10:18:54,48.92,51.79,3.167,21.77,0.22,4.389,0.954,0
2025-12-14 10:18:55,54.21,50.46,3.111,23.16,-0.103,-2.369,-0.677,0
2025-12-14 10:18:56,72.31,52.34,3.005,26.78,-0.27,-0.814,-0.279,0
2025-12-14 10:18:57,45.38,50.35,3.191,20.0,-0.284,-0.248,-0.283,0
2025-12-14 10:18:58,53.18,49.86,3.157,21.49,0.278,0.976,0.076,0
2025-12-14 10:18:59,47.68,50.37,3.18,20.36,-0.304,-1.519,-0.434,0
2025-12-14 10:19:00,59.09,51.84,3.135,23.54,-0.678,2.22,0.327,0
2025-12-14 10:19:01,64.71,50.82,3.117,24.61,-0.458,0.124,0.067,0
2025-12-14 10:19:02,56.48,46.96,3.132,21.63,-0.54,2.553,0.847,0
2025-12-14 10:19:03,53.79,47.56,3.151,21.82,-0.959,-0.149,0.007,0
2025-12-14 10:19:04,60.44,47.67,3.146,24.59,-0.218,-1.757,-0.188,0
2025-12-14 10:19:05,58.35,47.05,3.127,23.57,0.185,0.708,0.466,0
2025-12-14 10:19:06,55.93,49.74,3.162,23.67,-0.456,0.201,-0.361,0
2025-12-14 10:19:07,60.02,47.88,3.039,23.96,-0.43,-1.128,-0.904,0
2025-12-14 10:19:08,54.8,45.29,3.136,20.02,-0.783,-2.054,-1.075,0
2025-12-14 10:19:09,54.8,45.51,3.172,20.08,-1.441,1.945,-0.547,0
2025-12-14 10:19:10,48.08,43.13,3.199,18.2,-0.926,-1.706,-0.75,0
2025-12-14 10:19:11,65.65,42.53,3.13,20.93,-0.297,3.28,1.653,0
2025-12-14 10:19:12,51.49,43.25,3.16,20.21,-0.099,1.015,0.294,0
2025-12-14 10:19:13,71.2,43.8,3.118,28.28,1.253,4.368,0.918,0
2025-12-14 10:19:14,59.87,45.02,3.124,21.55,1.423,-2.388,-0.196,0
2025-12-14 10:19:15,69.92,49.4,3.098,22.78,1.322,1.943,0.214,0
2025-12-14 10:19:16,53.71,49.64,3.148,19.95,1.476,-3.413,-1.407,0
2025-12-14 10:19:17,61.21,49.86,3.118,21.28,1.509,1.041,0.084,0
2025-12-14 10:19:18,54.13,51.18,3.155,21.25,0.515,-2.346,-0.363,0
2025-12-14 10:19:19,65.08,52.56,3.102,21.97,0.549,1.669,0.362,0
2025-12-14 10:19:20,58.19,51.98,3.126,20.97,0.079,-0.746,-0.005,0
2025-12-14 10:19:21,62.06,52.39,3.112,21.76,-0.581,0.918,-0.151,0
2025-12-14 10:19:22,57.48,50.26,3.117,21.26,-0.405,-1.033,0.322,0
2025-12-14 10:19:23,58.72,48.28,3.138,20.49,-0.331,1.696,0.153,0
2025-12-14 10:19:24,59.92,50.53,3.125,23.58,-0.006,0.361,0.049,0
2025-12-14 10:19:25,66.67,50.32,3.095,21.74,0.243,4.291,0.641,0
2025-12-14 10:19:26,63.86,52.36,3.12,22.01,0.674,-1.072,0.075,0
2025-12-14 10:19:27,78.93,51.48,3.049,24.46,-0.226,-0.645,-0.702,0
2025-12-14 10:19:28,53.36,51.65,3.156,20.87,0.075,1.537,0.268,0
2025-12-14 10:19:29,56.69,49.4,3.143,20.06,0.169,-0.608,-0.289,0
2025-12-14 10:19:30,74.35,50.7,3.076,23.08,0.309,-2.952,-0.691,0
2025-12-14 10:19:31,60.82,53.21,3.095,20.57,0.407,1.579,0.19,0
2025-12-14 10:19:32,64.17,53.02,3.09,21.01,0.985,-0.216,-0.163,0
2025-12-14 10:19:33,61.26,53.68,3.125,21.82,0.713,-1.199,0.058,0
2025-12-14 10:19:34,55.61,54.33,3.135,19.25,0.123,-0.458,0.066,0
2025-12-14 10:19:35,68.36,54.27,3.098,23.37,-0.109,-0.087,0.325,0
2025-12-14 10:19:36,58.53,53.82,3.084,20.9,-0.214,-0.1,-0.049,0
2025-12-14 10:19:37,63.73,52.48,3.127,22.63,-0.436,1.067,0.31,0
2025-12-14 10:19:38,60.76,52.61,3.117,21.58,-0.293,-1.53,-0.213,0
2025-12-14 10:19:39,60.95,52.15,3.118,20.8,0.286,-0.638,-0.062,0
2025-12-14 10:19:40,60.71,52.8,3.108,22.3,0.122,-2.262,-0.77,0
2025-12-14 10:19:41,55.34,55.25,3.135,20.59,0.299,1.019,0.346,0
2025-12-14 10:19:42,52.42,53.09,3.157,18.78,0.745,-0.418,-0.024,0
2025-12-14 10:19:43,65.85,54.11,3.043,23.31,0.525,-2.132,-0.905,0
2025-12-14 10:19:44,58.86,55.88,3.088,20.68,1.284,0.005,0.396,0
2025-12-14 10:19:45,50.05,55.42,3.121,17.78,1.428,0.112,0.071,0
2025-12-14 10:19:46,55.37,61.67,3.134,22.57,1.061,-2.926,-0.618,0
2025-12-14 10:19:47,52.98,60.23,3.151,19.14,-0.116,-0.142,0.098,0
2025-12-14 10:19:48,51.22,59.41,3.148,20.22,-0.583,0.356,0.4,0
2025-12-14 10:19:49,58.15,55.29,3.115,21.17,-1.927,-1.186,-0.909,0
2025-12-14 10:19:50,51.83,52.51,3.154,19.78,-1.119,0.153,0.284,0
2025-12-14 10:19:51,49.44,52.03,3.17,18.02,-0.743,0.147,-0.156,0
2025-12-14 10:19:52,53.75,54.63,3.123,20.56,0.278,-2.217,-0.645,0
2025-12-14 10:19:53,51.96,55.7,3.133,19.44,1.005,-1.159,-0.316,0
2025-12-14 10:19:54,47.07,56.69,3.139,17.94,0.732,-0.392,-0.035,0
2025-12-14 10:19:55,46.04,57.54,3.174,18.2,0.311,0.315,0.337,0
2025-12-14 10:19:56,47.48,55.69,3.161,17.85,0.586,-0.445,0.151,0
2025-12-14 10:19:57,55.32,56.19,3.132,22.24,0.057,-0.413,-0.009,0
2025-12-14 10:19:58,49.73,58.63,3.125,20.19,-0.032,1.753,0.396,0
2025-12-14 10:19:59,45.0,56.97,3.154,17.9,0.338,2.825,0.844,0
2025-12-14 10:20:00,54.8,57.38,3.142,20.18,-0.213,-0.933,-0.52,0
2025-12-14 10:20:01,61.6,57.38,3.125,22.07,-1.08,0.182,-0.04,0
2025-12-14 10:20:02,50.65,55.12,3.114,19.64,-1.064,1.339,0.172,0
2025-12-14 10:20:03,50.64,53.23,3.16,19.99,-1.54,-1.089,-0.219,0
2025-12-14 10:20:04,51.69,51.65,3.114,18.76,-1.649,-1.138,-0.001,0
2025-12-14 10:20:05,49.36,49.67,3.157,19.09,-0.654,-1.391,0.818,0
2025-12-14 10:20:06,55.91,49.14,3.137,22.06,-0.178,1.434,0.345,0
2025-12-14 10:20:07,43.7,51.85,3.181,23.73,-0.622,-0.561,1.061,0
2025-12-14 10:20:08,57.81,52.34,3.101,21.72,-0.28,-0.665,-0.038,0
2025-12-14 10:20:09,48.89,48.54,3.164,24.06,0.287,1.402,0.151,0
2025-12-14 10:20:10,46.04,48.27,3.161,18.9,0.284,1.643,-0.708,0
2025-12-14 10:20:11,62.92,50.58,3.125,22.81,0.718,1.148,0.199,0
2025-12-14 10:20:12,51.92,53.27,3.142,20.19,1.717,0.868,-0.841,0
2025-12-14 10:20:13,63.55,55.93,3.083,22.71,1.486,2.998,0.67,0
2025-12-14 10:20:14,53.23,57.12,3.126,19.86,0.573,-2.931,-0.645,0
2025-12-14 10:20:15,61.03,55.7,3.105,22.25,0.142,1.846,0.305,0
2025-12-14 10:20:16,48.27,53.44,3.17,19.59,0.271,-2.071,-0.31,0
2025-12-14 10:20:17,61.15,53.98,3.05,21.72,0.342,2.19,0.404,0
2025-12-14 10:20:18,53.19,57.28,3.107,21.16,0.227,-2.252,-0.469,0
2025-12-14 10:20:19,64.18,58.83,3.062,21.88,0.615,0.715,-0.082,0
2025-12-14 10:20:20,49.77,56.84,3.11,19.9,0.055,-0.869,-0.338,0
2025-12-14 10:20:21,51.84,56.52,3.119,19.18,-0.481,2.612,0.338,0
2025-12-14 10:20:22,56.8,54.25,3.081,20.03,-1.224,1.534,0.44,0
2025-12-14 10:20:23,66.25,54.88,3.042,22.85,-0.989,1.44,0.538,0
2025-12-14 10:20:24,71.85,52.71,3.048,24.08,-0.57,2.84,0.77,0
2025-12-14 10:20:25,56.97,51.89,3.104,22.59,-0.102,-0.315,0.026,0
2025-12-14 10:20:26,66.04,53.67,3.088,23.03,-0.158,-0.309,0.111,0
2025-12-14 10:20:27,55.23,53.74,3.127,20.16,0.309,-1.76,-0.202,0
2025-12-14 10:20:28,64.71,54.08,3.092,23.41,0.202,1.121,0.029,0
2025-12-14 10:20:29,63.05,54.25,3.092,23.07,0.092,-1.028,-0.316,0
2025-12-14 10:20:30,62.57,52.91,3.1,22.74,0.505,2.029,0.832,0
2025-12-14 10:20:31,60.9,54.13,3.073,21.45,0.422,-0.566,-0.343,0
2025-12-14 10:20:32,65.37,56.27,3.113,24.32,0.955,2.206,0.222,0
2025-12-14 10:20:33,61.88,56.19,3.084,21.69,1.079,1.254,0.074,0
2025-12-14 10:20:34,74.08,59.03,3.0,24.18,0.372,0.187,-0.011,0
2025-12-14 10:20:35,68.84,58.3,3.085,23.11,-0.317,-0.509,-0.361,0
2025-12-14 10:20:36,61.84,55.99,3.002,21.39,-0.237,0.219,0.259,0
2025-12-14 10:20:37,62.83,54.68,3.079,22.51,0.191,-1.561,0.182,0
2025-12-14 10:20:38,62.97,55.01,3.094,22.99,0.998,-0.218,0.358,0
2025-12-14 10:20:39,66.27,59.99,3.043,25.09,1.502,1.908,1.201,0
2025-12-14 10:20:40,67.75,63.29,3.063,24.9,1.409,1.801,1.018,0
2025-12-14 10:20:41,71.38,63.5,3.052,27.4,1.523,2.722,2.24,0
2025-12-14 10:20:42,71.83,61.73,3.046,27.6,0.366,2.013,0.729,0
2025-12-14 10:20:43,76.58,62.63,3.006,34.19,-0.443,2.202,1.42,0
2025-12-14 10:20:44,76.34,61.81,3.021,28.74,0.012,0.293,0.177,0
2025-12-14 10:20:45,78.76,61.08,3.0,32.0,0.301,0.56,0.364,0
2025-12-14 10:20:46,72.84,63.56,3.016,28.28,0.096,-0.594,-1.316,0
2025-12-14 10:20:47,74.63,63.23,3.003,29.42,0.265,-1.258,-0.316,0
2025-12-14 10:20:48,73.61,63.11,3.016,27.61,0.528,-0.794,-0.684,0
2025-12-14 10:20:49,70.05,63.14,3.022,27.16,-0.136,1.078,0.404,0
2025-12-14 10:20:50,74.79,63.72,3.023,28.58,0.09,0.645,0.043,0
2025-12-14 10:20:51,78.23,62.88,3.0,30.3,-0.437,0.732,0.323,0
2025-12-14 10:20:52,77.86,63.68,3.0,29.64,-0.856,-0.781,-0.105,0
2025-12-14 10:20:53,77.27,60.92,3.0,29.23,-1.68,-0.513,-0.053,0
2025-12-14 10:20:54,66.14,58.86,3.0,26.63,-1.581,-0.58,-0.298,0
2025-12-14 10:20:55,72.22,55.32,3.032,28.32,-1.486,-3.739,-1.265,0
2025-12-14 10:20:56,75.33,54.97,3.043,28.81,-0.593,-1.198,-0.036,0
2025-12-14 10:20:57,59.16,56.25,3.094,23.31,-0.462,0.507,-0.253,0
2025-12-14 10:20:58,71.28,57.96,3.029,29.05,0.644,-1.267,-0.36,0
2025-12-14 10:20:59,68.68,56.55,3.043,25.37,1.156,-1.519,-0.611,0
2025-12-14 10:21:00,65.89,58.54,3.061,26.52,1.781,3.604,1.171,0
2025-12-14 10:21:01,67.73,60.75,3.032,25.76,1.542,-1.095,-0.475,0
2025-12-14 10:21:02,77.18,65.15,3.0,29.17,1.339,-1.428,-0.198,0
2025-12-14 10:21:03,65.81,65.67,3.046,26.67,0.148,-0.934,-0.005,0
2025-12-14 10:21:04,61.54,63.25,3.064,24.37,-0.663,-0.224,0.195,0
2025-12-14 10:21:05,61.22,59.28,3.058,26.49,-1.322,-1.637,-0.232,0
2025-12-14 10:21:06,66.61,57.44,3.057,26.73,-1.559,-2.135,-0.731,0
2025-12-14 10:21:07,69.0,58.55,3.025,28.0,-1.014,0.624,0.342,0
2025-12-14 10:21:08,55.13,57.87,3.1,23.02,-0.177,1.911,0.384,0
2025-12-14 10:21:09,64.66,58.17,3.049,26.08,0.288,-2.59,-0.754,0
2025-12-14 10:21:10,70.77,58.39,3.0,28.41,-0.106,-1.213,-0.168,0
2025-12-14 10:21:11,53.66,58.87,3.099,22.96,0.407,2.39,0.962,0
2025-12-14 10:21:12,62.93,58.02,3.095,27.17,0.437,0.18,0.244,0
2025-12-14 10:21:13,67.08,59.91,3.0,27.82,0.311,-1.2,0.012,0
2025-12-14 10:21:14,65.56,60.36,3.031,27.3,1.08,1.708,0.444,0
2025-12-14 10:21:15,64.77,59.95,3.039,28.48,1.062,-0.865,-0.66,0
2025-12-14 10:21:16,62.2,64.27,3.061,25.18,0.54,-0.697,-0.446,0
2025-12-14 10:21:17,58.6,63.32,3.033,23.87,1.053,-1.319,-0.367,0
2025-12-14 10:21:18,63.6,62.61,3.084,25.59,0.793,0.201,-0.226,0
2025-12-14 10:21:19,58.96,65.62,3.036,25.47,-0.308,-0.174,0.175,0
2025-12-14 10:21:20,65.78,63.92,3.064,27.35,0.016,3.734,1.003,0
2025-12-14 10:21:21,61.34,62.73,3.058,26.05,-0.227,-0.525,0.173,0
2025-12-14 10:21:22,77.28,63.4,3.0,28.88,-0.411,1.235,0.157,0
2025-12-14 10:21:23,60.97,61.47,3.029,26.46,0.467,0.272,-0.221,0
2025-12-14 10:21:24,65.13,63.56,3.005,26.25,0.289,-0.152,-0.032,0
2025-12-14 10:21:25,67.14,66.25,3.03,26.24,0.037,-2.998,-0.787,0
2025-12-14 10:21:26,60.57,64.18,3.047,25.89,0.737,0.261,-0.132,0
2025-12-14 10:21:27,62.29,63.59,3.035,24.95,0.353,1.962,0.758,0
2025-12-14 10:21:28,62.27,65.16,3.057,25.8,-0.333,0.955,0.092,0
2025-12-14 10:21:29,74.95,65.33,3.022,30.04,0.291,3.358,1.251,0
2025-12-14 10:21:30,71.92,64.59,3.04,26.7,0.315,0.003,0.067,0
2025-12-14 10:21:31,77.37,65.63,3.0,32.14,-0.274,3.357,1.139,0
2025-12-14 10:21:32,62.3,65.17,3.07,25.28,-0.371,-1.208,-0.462,0
2025-12-14 10:21:33,79.06,63.79,3.0,31.49,0.351,3.047,1.036,0
2025-12-14 10:21:34,68.91,63.47,3.012,27.73,0.04,-0.033,-0.34,0
2025-12-14 10:21:35,87.15,66.34,3.0,31.88,0.102,4.171,1.355,0
2025-12-14 10:21:36,77.2,65.83,3.0,30.44,0.312,-0.939,-0.852,0
2025-12-14 10:21:37,83.16,65.67,3.0,32.06,0.243,0.359,0.007,0
2025-12-14 10:21:38,74.36,65.35,3.0,27.23,-0.331,-3.29,-0.823,0
2025-12-14 10:21:39,70.7,64.69,3.029,27.76,1.523,1.479,4.229,0
2025-12-14 10:21:40,70.7,64.69,3.029,27.76,1.314,0.953,4.097,0
2025-12-14 10:21:41,84.59,73.45,3.056,51.59,2.775,3.511,6.936,0
2025-12-14 10:21:42,87.92,72.24,3.048,52.54,3.279,2.214,6.216,0
2025-12-14 10:21:43,91.92,79.23,3.029,61.91,2.516,5.478,6.871,1
2025-12-14 10:21:44,81.77,81.08,2.876,58.84,0.975,2.828,2.49,1
2025-12-14 10:21:45,98.1,77.27,3.008,62.12,2.521,1.482,3.411,1
2025-12-14 10:21:46,98.73,78.32,2.997,64.04,0.674,-3.417,-0.555,1
2025-12-14 10:21:47,95.33,84.85,3.0,69.6,0.778,-0.59,2.098,1
2025-12-14 10:21:48,74.83,82.6,3.111,59.13,1.174,0.381,1.561,1
2025-12-14 10:21:49,78.82,84.97,3.058,69.33,1.597,-0.934,1.367,1
2025-12-14 10:21:50,100.0,83.14,2.985,69.92,0.277,-3.556,-1.082,1
2025-12-14 10:21:51,94.06,86.3,3.008,70.87,0.047,3.998,1.907,1
2025-12-14 10:21:52,77.55,86.23,3.07,64.19,-0.551,-3.438,-1.239,1
2025-12-14 10:21:53,94.82,82.83,2.89,68.67,-0.413,-2.081,0.148,1
2025-12-14 10:21:54,61.63,82.22,3.14,63.14,-0.809,0.877,-0.101,0
2025-12-14 10:21:55,89.59,81.07,2.856,70.67,-0.534,1.959,0.367,1
2025-12-14 10:21:56,98.44,82.26,3.009,70.37,-0.286,1.035,0.432,1
2025-12-14 10:21:57,87.35,83.56,3.049,66.02,0.754,6.471,1.812,1
2025-12-14 10:21:58,100.0,81.4,2.771,70.83,0.704,1.565,0.392,1
2025-12-14 10:21:59,93.99,85.99,2.99,72.2,0.719,0.311,1.095,1
2025-12-14 10:22:00,97.42,84.59,2.994,72.62,0.362,0.439,0.696,1
2025-12-14 10:22:01,100.0,85.85,2.949,75.84,2.633,-3.72,0.897,1
2025-12-14 10:22:02,89.54,85.37,3.011,69.5,1.117,-3.072,-0.238,1
2025-12-14 10:22:03,81.4,94.56,3.038,75.32,1.25,-0.584,1.364,1
2025-12-14 10:22:04,78.63,91.58,3.029,71.01,0.272,0.0,0.831,1
2025-12-14 10:22:05,94.5,90.84,2.98,79.45,0.392,-3.603,-1.097,1
2025-12-14 10:22:06,100.0,87.21,2.956,80.0,-1.817,1.2,-0.97,1
2025-12-14 10:22:07,71.53,87.34,3.088,64.02,-1.42,3.563,1.799,1
2025-12-14 10:22:08,87.4,85.48,3.008,70.47,-1.885,-1.067,-0.77,1
2025-12-14 10:22:09,96.44,84.48,2.986,80.0,-1.072,-0.739,-1.782,1
2025-12-14 10:22:10,89.16,81.41,3.003,75.59,-1.159,5.331,1.595,1
2025-12-14 10:22:11,96.3,81.85,2.989,71.09,0.94,-0.383,1.119,1
2025-12-14 10:22:12,98.18,81.54,2.796,71.99,1.203,-3.539,-1.688,1
2025-12-14 10:22:13,85.49,90.18,3.034,76.06,0.703,1.402,-0.165,1
2025-12-14 10:22:14,78.75,90.49,2.889,71.56,-0.014,-1.88,-0.588,1
2025-12-14 10:22:15,96.17,84.93,2.954,74.77,0.622,-3.518,0.873,1
2025-12-14 10:22:16,86.9,81.78,3.029,68.15,-1.292,1.781,-0.479,1
2025-12-14 10:22:17,80.59,84.65,3.043,76.35,-1.414,4.25,0.96,1
2025-12-14 10:22:18,94.39,83.72,2.99,73.67,-0.519,-1.192,-0.851,1
2025-12-14 10:22:19,100.0,83.42,2.965,76.36,-0.076,1.867,2.37,1
2025-12-14 10:22:20,90.21,82.33,2.998,70.51,-0.758,0.171,0.729,1
2025-12-14 10:22:21,96.24,81.4,2.985,80.0,-0.399,-0.69,1.267,1
2025-12-14 10:22:22,81.45,80.87,3.049,80.0,0.313,0.0,0.728,1
2025-12-14 10:22:23,90.94,81.72,2.989,80.0,1.908,0.556,1.897,1
2025-12-14 10:22:24,100.0,84.99,2.781,80.0,1.739,0.752,0.0,1
2025-12-14 10:22:25,92.99,91.87,2.95,80.0,3.879,2.666,0.0,1
2025-12-14 10:22:26,100.0,90.1,2.944,80.0,2.433,-2.528,-0.427,1
2025-12-14 10:22:27,94.78,100.26,2.71,80.0,0.26,-4.645,0.0,1
2025-12-14 10:22:28,78.31,93.89,3.02,77.87,-0.275,1.402,0.0,1
2025-12-14 10:22:29,76.78,86.28,3.047,80.0,0.512,-1.502,0.0,1
2025-12-14 10:22:30,100.0,90.5,2.966,80.0,-1.651,-2.582,-0.237,1
2025-12-14 10:22:31,92.49,92.66,2.967,80.0,-1.348,4.339,0.427,1
2025-12-14 10:22:32,81.87,92.0,2.995,78.81,0.623,4.08,0.0,1
2025-12-14 10:22:33,100.0,87.15,2.944,80.0,-0.338,-0.42,0.0,1
2025-12-14 10:22:34,97.18,89.4,2.942,80.0,-1.671,1.502,0.0,1
2025-12-14 10:22:35,97.9,88.81,2.974,80.0,-1.501,0.016,-1.206,1
2025-12-14 10:22:36,100.0,84.3,2.966,80.0,-1.024,-2.744,0.0,1
2025-12-14 10:22:37,81.96,84.5,2.999,72.78,-1.398,-1.991,-1.604,1
2025-12-14 10:22:38,86.28,82.02,3.015,80.0,-0.918,0.006,-0.082,1
2025-12-14 10:22:39,87.22,82.41,2.977,71.98,0.18,0.0,0.0,1
2025-12-14 10:22:40,97.93,84.22,2.957,79.59,-0.056,2.066,0.929,1
2025-12-14 10:22:41,100.0,85.2,2.969,80.0,0.766,-0.067,0.0,1
2025-12-14 10:22:42,92.29,84.22,2.951,77.42,0.822,0.216,1.495,1
2025-12-14 10:22:43,85.94,85.85,3.024,80.0,0.595,-1.858,-0.024,1
2025-12-14 10:22:44,88.3,86.52,2.955,79.46,2.232,-2.671,0.0,1
2025-12-14 10:22:45,88.64,87.19,2.972,79.47,2.218,-0.832,0.515,1
2025-12-14 10:22:46,86.65,96.36,2.96,80.0,2.188,2.812,0.0,1
2025-12-14 10:22:47,88.12,95.31,2.794,80.0,1.238,2.34,0.108,1
2025-12-14 10:22:48,100.0,96.79,2.893,80.0,0.911,0.224,0.106,1
2025-12-14 10:22:49,100.0,92.71,2.922,80.0,-1.54,1.64,0.0,1
2025-12-14 10:22:50,89.76,91.75,2.982,80.0,-1.46,0.603,0.0,1
2025-12-14 10:22:51,94.85,88.66,2.944,80.0,-1.695,0.0,0.0,1
2025-12-14 10:22:52,91.14,88.01,2.974,80.0,-1.144,-1.493,0.0,1
2025-12-14 10:22:53,100.0,88.31,2.912,80.0,-0.783,0.199,0.0,1
2025-12-14 10:22:54,92.54,86.99,2.718,80.0,-0.328,1.031,0.0,1
2025-12-14 10:22:55,90.76,87.83,2.969,80.0,-0.116,1.621,0.0,1
2025-12-14 10:22:56,100.0,87.02,2.913,80.0,-0.179,-1.59,0.0,1
2025-12-14 10:22:57,99.25,87.43,2.92,80.0,0.241,-1.333,0.0,1
2025-12-14 10:22:58,92.05,87.42,2.905,80.0,0.434,-1.613,0.0,1
2025-12-14 10:22:59,85.87,88.19,2.985,80.0,0.938,-0.546,0.0,1
2025-12-14 10:23:00,82.69,90.0,2.973,80.0,0.611,-1.395,0.0,1
2025-12-14 10:23:01,97.27,91.71,2.915,80.0,0.684,1.59,0.0,1
2025-12-14 10:23:02,92.27,90.48,2.944,80.0,0.92,2.718,0.0,1
2025-12-14 10:23:03,100.0,90.84,2.914,80.0,0.606,2.989,0.0,1
2025-12-14 10:23:04,99.46,92.79,2.776,80.0,0.438,0.546,0.0,1
2025-12-14 10:23:05,97.64,93.03,2.898,80.0,1.357,1.546,0.0,1
2025-12-14 10:23:06,100.0,93.9,2.896,80.0,0.164,-2.488,0.0,1
2025-12-14 10:23:07,100.0,97.27,2.909,80.0,-0.708,-3.378,0.0,1
2025-12-14 10:23:08,87.56,91.66,2.966,80.0,-0.048,-2.561,0.0,1
2025-12-14 10:23:09,82.58,89.25,2.794,80.0,-0.038,0.0,0.0,1
2025-12-14 10:23:10,84.84,92.79,2.959,80.0,-0.251,-1.093,0.0,1
2025-12-14 10:23:11,100.0,93.71,2.884,80.0,0.506,2.488,0.0,1
2025-12-14 10:23:12,94.53,96.01,2.922,80.0,1.168,0.088,0.0,1
2025-12-14 10:23:13,100.0,94.19,2.89,80.0,0.308,2.106,0.0,1
2025-12-14 10:23:14,83.02,95.09,2.936,80.0,0.199,0.0,0.0,1
2025-12-14 10:23:15,95.36,94.33,2.918,80.0,-0.296,-1.987,0.0,1
2025-12-14 10:23:16,100.0,94.7,2.862,80.0,0.925,0.0,0.0,1
2025-12-14 10:23:17,84.6,94.53,2.963,80.0,-0.12,2.834,0.0,1
2025-12-14 10:23:18,100.0,98.81,2.879,80.0,-0.585,-1.545,0.0,1
2025-12-14 10:23:19,97.19,94.49,2.891,80.0,-0.199,0.0,0.0,1
2025-12-14 10:23:20,87.64,91.41,2.723,80.0,-0.22,2.14,0.0,1
2025-12-14 10:23:21,100.0,93.71,2.88,80.0,-1.011,0.0,0.0,1
2025-12-14 10:23:22,95.3,93.43,2.886,80.0,-0.288,0.292,0.0,1
2025-12-14 10:23:23,100.0,93.76,2.883,80.0,-0.131,2.472,0.0,1
2025-12-14 10:23:24,98.64,93.05,2.903,80.0,-0.877,-2.345,0.0,1
2025-12-14 10:23:25,100.0,90.75,2.892,80.0,-1.125,-2.5,0.0,1
2025-12-14 10:23:26,88.27,89.32,2.931,80.0,-1.673,-0.851,0.0,1
2025-12-14 10:23:27,82.8,87.81,2.805,80.0,-1.169,-2.031,0.0,1
2025-12-14 10:23:28,95.74,85.4,2.7,80.0,-0.343,0.0,0.0,1
2025-12-14 10:23:29,88.49,87.2,2.909,80.0,0.207,1.37,0.0,1
2025-12-14 10:23:30,100.0,89.04,2.88,80.0,0.011,3.33,0.0,1
2025-12-14 10:23:31,95.12,90.36,2.7,80.0,-0.074,-1.102,0.0,1
2025-12-14 10:23:32,99.45,87.86,2.871,80.0,-1.25,0.898,0.0,1
2025-12-14 10:23:33,90.24,85.02,2.948,80.0,-1.086,0.0,0.0,1
2025-12-14 10:23:34,92.98,80.96,2.91,80.0,-1.581,-2.331,0.0,1
2025-12-14 10:23:35,100.0,83.61,2.882,80.0,-1.087,-2.119,0.0,1
2025-12-14 10:23:36,83.47,82.45,2.932,80.0,-0.413,1.953,0.0,1
2025-12-14 10:23:37,88.86,82.43,2.94,80.0,1.326,0.961,0.0,1
2025-12-14 10:23:38,100.0,82.96,2.906,80.0,1.133,0.0,0.0,1
2025-12-14 10:23:39,97.79,87.59,2.883,80.0,1.255,3.306,0.0,1
2025-12-14 10:23:40,100.0,89.28,2.888,80.0,2.152,2.228,0.0,1
2025-12-14 10:23:41,100.0,88.73,2.857,80.0,1.691,-2.966,0.0,1
2025-12-14 10:23:42,100.0,93.19,2.7,80.0,0.839,0.196,0.0,1
2025-12-14 10:23:43,85.17,91.41,2.933,80.0,0.611,-0.871,0.0,1
2025-12-14 10:23:44,98.77,91.79,2.844,80.0,0.22,-3.466,0.0,1
2025-12-14 10:23:45,95.65,92.33,2.909,80.0,-1.359,0.0,0.0,1
2025-12-14 10:23:46,82.67,89.83,2.706,80.0,-1.174,2.572,0.0,1
2025-12-14 10:23:47,100.0,86.39,2.872,80.0,-1.424,-0.093,0.0,1
2025-12-14 10:23:48,98.03,85.54,2.867,80.0,-0.543,0.871,0.0,1
2025-12-14 10:23:49,98.3,84.67,2.877,80.0,-0.253,2.668,0.0,1
2025-12-14 10:23:50,100.0,89.62,2.886,80.0,0.223,0.0,0.0,1
2025-12-14 10:23:51,96.01,88.56,2.848,80.0,0.377,-0.812,0.0,1
2025-12-14 10:23:52,100.0,87.51,2.7,80.0,0.024,-0.729,0.0,1
2025-12-14 10:23:53,93.97,87.43,2.89,80.0,-0.084,0.0,0.0,1
2025-12-14 10:23:54,94.66,84.79,2.903,80.0,0.068,0.798,0.0,1
2025-12-14 10:23:55,100.0,89.2,2.837,80.0,0.014,-3.785,0.0,1
2025-12-14 10:23:56,100.0,88.9,2.876,80.0,0.277,1.205,0.0,1
2025-12-14 10:23:57,81.08,87.57,2.898,80.0,1.486,0.791,0.0,1
2025-12-14 10:23:58,100.0,88.81,2.821,80.0,2.088,-2.509,0.0,1
2025-12-14 10:23:59,98.61,92.22,2.86,80.0,1.705,0.0,0.0,1
2025-12-14 10:24:00,87.45,99.64,2.869,80.0,2.339,3.785,0.0,1
2025-12-14 10:24:01,100.0,97.43,2.822,80.0,2.521,0.0,0.0,1
2025-12-14 10:24:02,100.0,99.27,2.7,80.0,1.842,0.158,0.0,1
2025-12-14 10:24:03,100.0,101.42,2.7,80.0,-0.525,2.487,0.0,1
2025-12-14 10:24:04,99.4,101.43,2.83,80.0,-0.368,0.0,0.0,1
2025-12-14 10:24:05,99.89,97.01,2.844,80.0,-0.331,0.0,0.0,1
2025-12-14 10:24:06,100.0,95.59,2.7,80.0,0.437,0.0,0.0,1
2025-12-14 10:24:07,100.0,97.61,2.843,80.0,0.685,0.12,0.0,1
2025-12-14 10:24:08,100.0,103.61,2.8,80.0,1.065,0.023,0.0,1
2025-12-14 10:24:09,100.0,104.86,2.807,80.0,1.597,0.0,0.0,1
2025-12-14 10:24:10,100.0,102.34,2.83,80.0,0.955,0.0,0.0,1
2025-12-14 10:24:11,100.0,103.57,2.8,80.0,-0.47,0.0,0.0,1
2025-12-14 10:24:12,100.0,102.39,2.8,80.0,-0.746,0.0,0.0,1
2025-12-14 10:24:13,100.0,101.26,2.836,80.0,-0.422,0.0,0.0,1
2025-12-14 10:24:14,100.0,101.12,2.802,80.0,-0.537,0.0,0.0,1
2025-12-14 10:24:15,100.0,100.22,2.823,80.0,-0.535,0.0,0.0,1
2025-12-14 10:24:16,100.0,100.88,2.825,80.0,-0.777,0.0,0.0,1
2025-12-14 10:24:17,100.0,99.72,2.84,80.0,0.479,-1.078,0.0,1
2025-12-14 10:24:18,100.0,97.37,2.816,80.0,1.211,0.0,0.0,1
2025-12-14 10:24:19,94.61,103.52,2.802,80.0,1.824,-0.692,0.0,1
2025-12-14 10:24:20,100.0,106.28,2.7,80.0,2.038,-0.588,0.0,1
2025-12-14 10:24:21,96.54,110.0,2.8,80.0,2.526,0.0,0.0,1
2025-12-14 10:24:22,97.06,109.91,2.838,80.0,0.991,0.571,0.0,1
2025-12-14 10:24:23,100.0,110.0,2.8,80.0,0.654,-0.212,0.0,1
2025-12-14 10:24:24,97.47,108.48,2.7,80.0,-0.349,0.692,0.0,1
2025-12-14 10:24:25,98.94,109.55,2.8,80.0,-0.461,-1.115,0.0,1
2025-12-14 10:24:26,100.0,108.26,2.801,80.0,-0.507,-2.627,0.0,1
2025-12-14 10:24:27,91.49,107.6,2.808,80.0,0.305,0.507,0.0,1
2025-12-14 10:24:28,86.87,107.47,2.852,80.0,0.09,0.212,0.0,1
2025-12-14 10:24:29,100.0,110.0,2.7,80.0,0.349,0.0,0.0,1
2025-12-14 10:24:30,100.0,110.0,2.8,80.0,0.48,1.054,0.0,1
2025-12-14 10:24:31,100.0,110.0,2.8,80.0,-0.121,2.627,0.0,1
2025-12-14 10:24:32,96.76,110.0,2.7,80.0,-1.251,-0.167,0.0,1
2025-12-14 10:24:33,100.0,106.86,2.8,80.0,-0.815,0.0,0.0,1
2025-12-14 10:24:34,99.17,103.75,2.8,80.0,-0.366,-0.741,0.0,1
2025-12-14 10:24:35,100.0,105.93,2.8,80.0,0.0,-1.322,0.0,1
2025-12-14 10:24:36,96.29,108.17,2.8,80.0,0.628,-0.163,0.0,1
2025-12-14 10:24:37,90.15,110.0,2.8,80.0,1.251,-1.516,0.0,1
2025-12-14 10:24:38,99.19,110.0,2.8,80.0,0.235,0.0,0.0,1
2025-12-14 10:24:39,91.59,110.0,2.7,80.0,-0.637,0.741,0.0,1
2025-12-14 10:24:40,100.0,107.1,2.8,80.0,0.0,1.97,0.0,1
2025-12-14 10:24:41,100.0,104.99,2.8,80.0,0.0,0.163,0.0,1
2025-12-14 10:24:42,100.0,110.0,2.8,80.0,-0.725,1.565,0.0,1
2025-12-14 10:24:43,100.0,110.0,2.8,80.0,0.402,0.0,0.0,1
2025-12-14 10:24:44,99.41,106.38,2.8,80.0,1.003,-0.712,0.0,1
2025-12-14 10:24:45,100.0,109.11,2.7,80.0,0.0,0.0,0.0,1
2025-12-14 10:24:46,96.44,110.0,2.8,80.0,-0.703,0.0,0.0,1
2025-12-14 10:24:47,100.0,110.0,2.8,80.0,-0.042,-0.735,0.0,1
2025-12-14 10:24:48,100.0,106.48,2.7,80.0,-0.824,-1.18,0.0,1
2025-12-14 10:24:49,95.74,106.17,2.8,80.0,-1.03,0.712,0.0,1
2025-12-14 10:24:50,94.1,104.99,2.8,80.0,-1.132,-2.729,0.0,1
2025-12-14 10:24:51,100.0,104.85,2.7,80.0,-0.173,0.0,0.0,1
2025-12-14 10:24:52,86.35,104.34,2.801,80.0,0.284,0.853,0.0,1
2025-12-14 10:24:53,100.0,105.62,2.8,80.0,0.57,-1.024,0.0,1
2025-12-14 10:24:54,100.0,107.59,2.8,80.0,0.385,-1.482,0.0,1
2025-12-14 10:24:55,88.98,107.84,2.832,80.0,0.468,-0.542,0.0,1
2025-12-14 10:24:56,92.59,106.78,2.8,80.0,0.315,0.0,0.0,1
2025-12-14 10:24:57,83.64,106.68,2.821,80.0,0.26,0.0,0.0,1
2025-12-14 10:24:58,100.0,107.19,2.8,80.0,0.548,2.204,0.0,1
2025-12-14 10:24:59,100.0,108.89,2.8,80.0,1.099,1.482,0.0,1
